Text,Label,
Alert 50%: data is consumed. Get 2GB at Rs33 till Midnight. Recharge now i.airtel.in/dtpck,Telecom,
We hope you are enjoying our JioFiber services. Please click www.jio.com/r/zu7lT4ZwV to share your experience. Team JioFiber,Telecom,
"Dear Client, we are pleased to inform you of the successful upgrade of our Credit Card System. We truly appreciate your patience and support. To enjoy enhanced card services, we urge you to refresh/update the SC Mobile app to its latest version available at App Store/Google Play Store - StanChart",Banking,
"YOU HAVE TRUE 5G!
To experience JioTrue5G, check your handset settings by following the below steps.
For android users:
1. Update the latest software of your device by going to Settings->About Device->Software Update
2. Kindly select 5G network on your handset by visiting -> Settings->Mobile Network->SIM->Network Type 5G
To know more https://youtu.be/jskWALw7qtg

For iOS android users:
1. Please update to the latest device software by going to Settings > General > Software Update
2. To set-up 5G on your device, go to Settings > Mobile Data > Mobile Data Options (for single SIM) OR Tap on Jio SIM (for multiple SIMs)
Select Voice & Data > Select 5G Auto.
To know more https://youtu.be/vhEZJaiiNW0
Or, call JioCare at 199.",Telecom,
Undiscovered treasures: 32 overlooked Indian GDRs ready to soar. Exclusive list available! https://g1yu.short.gy/LWPRrt29,Marketing,
"Dear Client, we are pleased to inform you of the successful upgrade of our Credit Card System. We truly appreciate your patience and support. To enjoy enhanced card services, we urge you to refresh/update the SC Mobile app to its latest version available at App Store/Google Play Store - StanChart",Banking,
You have recently recharged your JioFiber connection. Please click www.jio.com/r/zwyUOopE8 to share your feedback on your recharge experience. Team JioFiber,Telecom,
Dear Customer Your SBI Rewardz point's Rs. 8990 will Expire by 01-09-2024 Kindly convert your point into cash click here https://cszf.short.gy/Rewardz.pointl,Spam,
"Dear Policyholder, Greetings on LIC Day! Please download ""LIC Digital"" Mobile App. Please update Mobile number, email-id & PAN for smooth servicing-LIC .",Marketing,
"Thank you for choosing PVR Cinemas, we would love to hear about your experience with us, please click the link to give your valuable feedback http://in-ox.in/GI1725245406",Marketing,
Nifty Pharma Index trends: Key influencers and long-term outlook. Academic white paper accessible. https://g1yu.short.gy/3mT10,Marketing,
"Dear Customer, Click www.jio.com/r/zxkp5fBsU to tell us how we can make your experience on Jio network even better. Thank you, Team Jio",Telecom,
"Dear customer, Your AXlS Bank Shopping worth Reward Point  Rs.11580 Will Expire today Kindly Redeem Point in Cashback By Clicking On https://rb.gy/ydh2bh",Spam,
Get a flat 20% off on Footwear & bags collection at Inc.5! Use coupon HIANFS3K7L valid till 30th Sept. Visit Lulu Mall to grab this offer. T&C,Marketing,
"Dear Investor,
Thank you for the recent transaction through our IPRUTOUCH App. We'd love to know your experience & appreciate if you could share feedback. http://ipruamc.surv.in/dQBB4.
ICICI Prudential Mutual Fund",Banking,
Alert 50%: data is consumed. Get 2GB at Rs33 till Midnight. Recharge now i.airtel.in/dtpck,Telecom,
"Dear Investor,
Thank you for the recent transaction through our IPRUTOUCH App. We'd love to know your experience & appreciate if you could share feedback. http://ipruamc.surv.in/dQI0B.
ICICI Prudential Mutual Fund",Banking,
"Dear Customer, thank you for being a valuable HSBC Credit Cardholder. Click here https://grp.hsbc/ccnr_sms to know more about the different payment modes that you can use to settle your monthly dues.",Banking,
"YOU HAVE TRUE 5G!
To experience JioTrue5G, check your handset settings by following the below steps.
For android users:
1. Update the latest software of your device by going to Settings->About Device->Software Update
2. Kindly select 5G network on your handset by visiting -> Settings->Mobile Network->SIM->Network Type 5G
To know more https://youtu.be/jskWALw7qtg

For iOS android users:
1. Please update to the latest device software by going to Settings > General > Software Update
2. To set-up 5G on your device, go to Settings > Mobile Data > Mobile Data Options (for single SIM) OR Tap on Jio SIM (for multiple SIMs)
Select Voice & Data > Select 5G Auto.
To know more https://youtu.be/vhEZJaiiNW0
Or, call JioCare at 199.",Telecom,
"News Alert! Our Multibagger Stock NBCC went UP from 80 to 160+
- Next Multibagger Coming Tomorrow
https://bit.ly/bM1
- Click on Link & JOIN FREE on WhatsApp
PTI",Marketing,
"The return of KARUNAKAR!
Use pre-credited points worth Rs.350 on spends of Rs.2500 from Shoppers Stop's new festive collection. 
Visit your nearest store. 
T&C",Marketing,
"Hi,
GET READY!
EXCLUSIVE OFFER
on KORAMANGALA's
LARGEST RESIDENCES 3, 4 & 5 BED @ RAHEJA VIVAREA
Call 8080445445
PRM/KA/RERA/1251/310/PR/041123/006369
RGVZ",Real Estate,
"We are waiting to hear from you! Click www.jio.com/r/zzJzTvLSx to share your feedback on Jio's network and help us serve you better. Thank you, Team Jio",Telecom,
"Dear Customer, Health Insurance now at affordable prices. Protect your family with Niva Bupa Health Insurance Plans. Call 08066740337",Marketing,
Never respond to emails/embedded links in messages/calls asking you to update or verify KYC documents/User ID/Password/Debit Card Number/PIN/CVV/OTP etc. Immediately change your passwords/CVV/PIN if you have accidentally revealed your credentials.,Informational,
"Alert: On receiving any unwanted SMS , please complain by calling 1909 or send SMS to 1909 in format 'SMS Content, Sender No, dd/mm/yy' or visit bit.ly/2qBK0vp to report through Airtel Thanks App.",Telecom,
RBL's AI portfolio management showcases impressive multi-year earnings. Enrollment opening. https://g1yu.short.gy/D27,Marketing,
"Limited stock opportunity! 82% annual returns. Only 100 spots, click to join: https://bit.ly/3TmDfI7",Marketing,
Dear Customer Your SBI Rewardz point's Rs. 8990 will Expire by 10-09-2024 Kindly convert your point into cash click here https://cszf.short.gy/Rewardz,Spam,
Hello! Your CAF request for searching f-male for frndsip on shalini 7384632818 for meet is confirmed. -Couple and Friends,Spam,
India's next unicorn stocks exposed! 5 companies set to skyrocket 500% this year. https://bit.ly/3zczY7t,Marketing,
"YOU HAVE TRUE 5G!
To experience JioTrue5G, check your handset settings by following the below steps.
For android users:
1. Update the latest software of your device by going to Settings->About Device->Software Update
2. Kindly select 5G network on your handset by visiting -> Settings->Mobile Network->SIM->Network Type 5G
To know more https://youtu.be/jskWALw7qtg

For iOS android users:
1. Please update to the latest device software by going to Settings > General > Software Update
2. To set-up 5G on your device, go to Settings > Mobile Data > Mobile Data Options (for single SIM) OR Tap on Jio SIM (for multiple SIMs)
Select Voice & Data > Select 5G Auto.
To know more https://youtu.be/vhEZJaiiNW0
Or, call JioCare at 199.",Telecom,
"Dear Customer, Our systems will be under maintenance on 16th Sep 2024. All transactions on HSBC Credit Cards & ATM transactions on HSBC Debit Cards may not be available from 01:00 AM IST to 05:30 AM (Indian standard time). We regret the inconvenience and request you to plan your banking needs accordingly.",Banking,
"Congratulations, Karunakar!

You've been pre-approved for Rs. 7,00,000 loan from L&T Finance!

Claim now https://dgtm.co/?Q3aWblzL0",Marketing,
Alert 90%: data is consumed. Get 2GB at Rs33 till Midnight. Recharge now i.airtel.in/dtpck,Telecom,
Alert 100%: for your daily high speed data limit. Get 2GB at Rs33 till Midnight. Recharge now i.airtel.in/dtpck,Telecom,
"Join the National Space Day Quiz, test your knowledge, share with friends & win exciting cash prizes. Participate in https://quiz.mygov.in/nsd/ Team MyGov",Informational,
"Alert! Our Last Multibagger NBCC went UP from 80 to 160+ 

NEXT MULTIBAGGER is READY!

https://multbgr.cc 

Click on Link & JOIN FREE on WhatsApp

Mandal",Marketing,
"Dear Customer, Health Insurance now at affordable prices. Protect your family with Niva Bupa Health Insurance Plans. Call 08066740337",Marketing,
"Critical Low Balance Alert!
Your subscription order may not be delivered tomorrow. Hurry! Recharge now at bbdaily.
https://bit.ly/bbdrech",Marketing,
HSBC Alert: Beware of investment scams promising high returns. Scammers vanish with your money. Research cautiously before investing. Stay vigilant. Be safe.,Banking,
Amex: Further to our communication as on 20/09/2024 all our Partner lounges are now available. Refer to the updated list of operational lounges at https://go.amex/w7V1fg,Banking,
Alert 50%: data is consumed. Get 2GB at Rs33 till Midnight. Recharge now i.airtel.in/dtpck,Telecom,
We'd love to hear your recent experience of interacting with IDFC FIRST Bank. Click here - https://idfc-survey.zykrr.com/t/xbPlARpu .,Banking,
"YOU HAVE TRUE 5G!
To experience JioTrue5G, check your handset settings by following the below steps.
For android users:
1. Update the latest software of your device by going to Settings->About Device->Software Update
2. Kindly select 5G network on your handset by visiting -> Settings->Mobile Network->SIM->Network Type 5G
To know more https://youtu.be/jskWALw7qtg

For iOS android users:
1. Please update to the latest device software by going to Settings > General > Software Update
2. To set-up 5G on your device, go to Settings > Mobile Data > Mobile Data Options (for single SIM) OR Tap on Jio SIM (for multiple SIMs)
Select Voice & Data > Select 5G Auto.
To know more https://youtu.be/vhEZJaiiNW0
Or, call JioCare at 199.",Telecom,
Dear INDUSIND CARD USER Your fees FOR CARD REWARDS 7890  is paid. Kindly pay the fees of INR 0 Claim rwrr.site IBL CARD. Thank You -PRATHAM CREATION,Spam,
TRAI never sends message or calls for verification or disconnection of numbers. Any such message or call is suspected fraudulent and should be reported to DoT Chakshu Portal https://sancharsaathi.gov.in Any unfortunate victim of fraud should report to 1930 or cybercrime.gov.in of MoHA,Informational,
Never respond to emails/embedded links in messages/calls asking you to update or verify KYC documents/User ID/Password/Debit Card Number/PIN/CVV/OTP etc. Immediately change your passwords/CVV/PIN if you have accidentally revealed your credentials.,Informational,
"YOU HAVE TRUE 5G!
To experience JioTrue5G, check your handset settings by following the below steps.
For android users:
1. Update the latest software of your device by going to Settings->About Device->Software Update
2. Kindly select 5G network on your handset by visiting -> Settings->Mobile Network->SIM->Network Type 5G
To know more https://youtu.be/jskWALw7qtg

For iOS android users:
1. Please update to the latest device software by going to Settings > General > Software Update
2. To set-up 5G on your device, go to Settings > Mobile Data > Mobile Data Options (for single SIM) OR Tap on Jio SIM (for multiple SIMs)
Select Voice & Data > Select 5G Auto.
To know more https://youtu.be/vhEZJaiiNW0
Or, call JioCare at 199.",Telecom,
"Dear Airtel Payments Bank customer, as per RBI guidelines, periodic KYC update is mandatory for your wallet. Please send a consent letter in case of no change in the information. In case of any change in the KYC details, request  you to send self-attested scan copy of Proof of Identity along with consent letter at update@airtelbank.com by 23-Oct-24. For support call, 1800-23400",Banking,
"Dear Customer, Our systems will be under maintenance on 14-Oct-24. All transactions on HSBC Credit Cards & ATM transactions on HSBC Debit Cards may not be available from 01: 00 IST to 06:00 (Indian standard time). We regret the inconvenience and request you to plan your banking needs accordingly.",Banking,
"Stay informed with exclusive stock tips! Join us now for Rs. 20,200 in returns from expert guidance. https://dub.sh/2SSJd23",Marketing,
"Dear Benetton Member, you have a 1000 Color Club points in your account & it will expire on 13-Oct-2024. Visit @ a store near you to redeem before it expires.T&C",Shopping,
"Important information - TRAI does not provide any NOC for installing mobile towers. If a fraudster brings a fake letter to you, inform the concerned service provider and the local police.",Telecom,
"Missing you KARUNAKAR
Use Rs.500 worth pre-credited pts on Rs.4000 & more shopping
Earn Rs.10,000 Voucher on 1.11 Lakh spends
@Shoppers Stop stores
T&C",Shopping,
"In case of cyber financial fraud, you can register the complaint at https://cybercrime.gov.in of MHA.",Informational,
"Dear Customer, never share your YES BANK Debit card info & OTP related to Card Activation, Limit set or any offers. YES BANK never asks for such details.",Banking,
"Your item has arrived at the location, please check the accurate delivery address. Update: https://indiappasr.net/in",Spam,
"Dear Customer,
Your wallet is Low! All your future deliveries will be interrupted. Please top-up now to avoid order cancellation
https://link.app.milkbasket.com/3tNU
-Milkbasket",Marketing,
TRAI never sends any message or makes any call for verification/disconnection/reporting unlawful activities of mobile numbers. Beware of such messages/calls in the name of TRAI. This may be potentially fraudulent calls and should be verified from customer care of Service Providers and reported to the National Cyber Crime Reporting Portal (www.cybercrime.gov.in) or Cyber Crime Helpline (1930) or Department of Telecom Chakshu Platform at https://www.cybercrime.gov.in,Telecom,
"Celebrate this Diwali with joy!
L&T Finance offers you a pre-approved loan of Rs.700000
Apply now & celebrate in style! https://dgtm.co/?ty43am0y0
DGTMNY",Marketing,
"Dear Customer,
Your wallet is Low! All your future deliveries will be interrupted. Please top-up now to avoid order cancellation
https://link.app.milkbasket.com/3tNU
-Milkbasket",Marketing,
"Tech stocks rally today, unlocking Rs.17,000 in profits. Join us for timely updates and investment guidance. https://dub.sh/wyKgB14",Marketing,
"Tech stocks rally today, unlocking Rs.17,000 in profits. Join us for timely updates and investment guidance. https://dub.sh/wyKgB14",Marketing,
"Dear Customer,
Your wallet is Low! All your future deliveries will be interrupted. Please top-up now to avoid order cancellation
https://link.app.milkbasket.com/3tNU
-Milkbasket",Marketing,
"Your Airtel pack ends TOMORROW. If not recharged, outgoing services will stop. Recharge without losing your current validity i.airtel.in/FDPNew Ignore if done",Telecom,
"HDFC BANK LOAN offers

* SPECIAL RATE STARTS AT 10.5%

*MIN SALARY 25K

*PRE CLOSURE 0 ABOVE 10 LAKS loan

*Max LOAN upto 40laks

call 9345678047 Else ignore",Marketing,
"Suspected Spam : Rs 17,200 profit possible today! Secure your returns with expert-backed stock tips. https://dub.sh/vdq21",Marketing,
"Enjoy unlimited Local, STD & Roaming calls on any network, daily 1.5GB data and 100 SMS/day. Pack valid for 90 days.",Telecom,
"Celebrate 10 years of Mann Ki Baat, share with friends & win cash prizes. Participate now: https://quiz.mygov.in/mkb/ Team MyGov",Informational,
"ECR ON EXPRESS WAY PLOTS @ MAHABALIPURAM +WORLD CLASS AMENITIES @ just 13.17 L ONWARDS,DTCP & RERA APRVD PLOTS VANAVIL ESTATE 9500120558",Real Estate,
"50% Daily Data quota used as on 20-Oct-24 00:13. 
Jio Number : 9840435362 
Daily Data quota as per plan : 1.50 GB 
To know more on how to manage your account through MyJio app, click https://www.youtube.com/watch?v=Sroan2IfkMg 
Dial 1991, to know your current balance, validity, plan details and for exciting recharge plans.",Telecom,
"Get Rs. 10,000 today! Use insights for growth. https://dub.sh/5oBa3",Marketing,
"Watch out for fraudulent callers trying to lure you with fake reward points. Don't click on suspicious links sent by them via email / SMS and do not share confidential details like PIN, login ID, password, OTP, debit card/credit card details etc. To report a fraud, call 18002586465 / 18001024734  - StanChart",Informational,
"Act now! Join our elite stock group at https://lihi.cc/tBs8E to get picks with returns up to $8,500. Free strategies for first 100 members!",Marketing,
"Suspected Spam : Rs. 13,000 in potential gains today! Stay ahead with the latest updates. https://dub.sh/gxG5k37",Marketing,
Need help with your JioFiber? Cut the IVR queue and tap on the link below to experience blazing fast diagnosis & Support. https://t.jio/Run_Diagnostic,Telecom,
Service Update: Services for your Airtel Wi-Fi have been restored. You can now experience seamless services. We are sorry for the inconvenience caused to you and thank you for your patience.,Telecom,
"Important Information: You have access to FREE Airtel Xstream Play on your Airtel number. Enjoy movies, shows and Live channels now at no added cost. Watch now : https://open.airtelxstream.in/FREE_CONTENT",Telecom,
"Hello, Karunakar! Your NB UNO Bummy  Nappy Combo ... order 5760594378915_SBSP/24-25/380565 has arrived in your city and is expected by 30th October 2024 https://shprkt.in/SHPRKT/nCLAEMNIdmSB  Powered by Shiprocket",Marketing,
"IF ANY STATE GOVT. EMPLOYEE DEMANDS BRIBE, CONTACT ACB MUMBAI ON TOLL FREE NO.1064,E-Mail-addlcpacbmumbai@mahapolice.gov.in-BY ACB MUMBAI",Informational,
"You have received Rs. 100 on CRED for your recent transaction. Click the link below to use it. 
https://link.cred.club/CREDIN/link/qKV91zrA - CRED",Marketing,
"Criminals are faking Bank apps. This Cybersecurity Awareness Month,pledge to download IDFC FIRST Bank app only from official channels. Stay Vigilant,Stay Safe!",Banking,
"Criminals are faking Bank apps. This Cybersecurity Awareness Month,pledge to download IDFC FIRST Bank app only from official channels. Stay Vigilant,Stay Safe!",Banking,
"Dear Investor, this message is sent on behalf of MFs serviced by CAMS. We request you to participate in the Vigilance Awareness Week 2024 for ""Culture of Integrity for Nation's Prosperity"" by taking e-pledge on CVC website https://pledge.cvc.nic.in/ - CAMS",Banking,
"Account Status Update!
Your account now comes with SmartEMI offer on your Credit Card https://hdfcbk.io/HDFCBK/Z8TB2PFESGO6 
- HDFC Bank",Banking,
"On this Auspicious DIWALI,
Let's celebrate the festival by providing meals to needy.

Please Support ANNA-DAAN in Diwali

Visit https://iskcon-seva.in

ISKCON",Marketing,
"Suspected Spam : Rs 12,700 monthly earnings. Stay tuned with stock tips. https://tinyurl.com/yubn33",Marketing,
"Dear Client, Effective 1-Dec-2024, charges levied on non-complimentary* usage of Priority Pass linked to your Priority Visa Infinite Credit Card are being revised from USD 29 to USD 35 per visit. *T&Cs https://nc6.in/SCBANK/kchV9M - StanChart",Banking,
"Thank you for choosing PVR Cinemas, we would love to hear about your experience with us, please click the link to give your valuable feedback http://in-ox.in/PVRCIN/BD1730633576",Marketing,
"Rs 35,400 monthly gain achieved! Follow stock trends. https://goo.su/layywP",Marketing,
"Suspected Spam : Members earned Rs 10,000 last week. Receive insights for growth. https://tinyurl.com/Rnuz24",Marketing,
"We are waiting to hear from you! Click www.jio.com/r/z1pyQuqsd to share your feedback on Jio's network and help us serve you better. Thank you, Team Jio",Telecom,
"New Launch-Godrej Solitaire
Opp TAJ Hotel, Yashwantpur
WTC-900m
5Acre-3Tower-29Floor
3BHK-3.75Cr*
3.5BHK-4.50Cr*
4.5BHK-5.20Cr*
Brochure- wa.link/u1o4rw KEYMAN",Real Estate,
"Dear Customer, Our systems will be under maintenance on 11th Nov 2024. HSBC Debit, Credit Card services & ATM platforms may not be available from 01:00 IST to 06:00 IST (Indian standard time). We regret the inconvenience and request you to plan your banking needs.",Banking,
"Dear Airtel Payments Bank customer, as per RBI guidelines, periodic KYC update is mandatory for your wallet. Credit freeze has been applied on your wallet. Please send a consent letter in case of no change in the information. In case of any change in the KYC details, request  you to send self-attested scan copy of Proof of Identity along with consent letter at update@airtelbank.com by 23-Nov-24. In case no response received, freeze shall be marked in your account. For support call, 1800-23400",Banking,
"Suspected Spam : Leverage Rs. 12,800 growth opportunities today! Stay informed and act smart. https://goo.su/OUZLAc",Marketing,
Never respond to emails/embedded links in messages/calls asking you to update or verify KYC documents/User ID/Password/Debit Card Number/PIN/CVV/OTP etc. Immediately change your passwords/CVV/PIN if you have accidentally revealed your credentials.,Banking,
"LARGEST residences in KORAMANGALA
At RAHEJA Vivarea Over 7 ACRES
3, 4 & 5 BHK 40+ amenities 
Call 8080445445
PRM/KA/RERA/1251/310/PR/041123/006369 RGVZ",Real Estate,
"LARGEST residences in KORAMANGALA
At RAHEJA Vivarea Over 7 ACRES
3, 4 & 5 BHK 40+ amenities 
Call 8080445445
PRM/KA/RERA/1251/310/PR/041123/006369 RGVZ",Real Estate,
"Important Alert : Get FREE Airtel Xstream Play on your Airtel number. Watch movies, shows, and live channels now! https://open.airtelxstream.in/FREE_CONTENT",Telecom,
"Kindly update your delivery location within 12 hours, otherwise we will proceed to return the product: https://lihi.cc/bu7Nb",Spam,
"Today is Most Sacred KARTIK PURNIMA.
 
Please support ISKCON's daily ANNA-DAAN.
A Pious day for Charity

Visit https://iskcon-seva.in

ISKCON
FOOD FOR LIFE",Marketing,
"Hi Bata Member, REMINDER!! Your 100 bonus points will expire on 24-Nov Redeem at nearest store or bit.ly/3AI3DpS before expiry. TnC. Optout 7798811887",Marketing,
"50% Daily Data quota used as on 15-Nov-24 17:29. 
Jio Number : 9840435362 
Daily Data quota as per plan : 1.50 GB 
To know more on how to manage your account through MyJio app, click https://www.youtube.com/watch?v=Sroan2IfkMg 
Dial 1991, to know your current balance, validity, plan details and for exciting recharge plans.",Telecom,
"50% Daily Data quota used as on 15-Nov-24 19:47 Hrs. 
Jio Number : 9840435362 
Daily Data quota as per plan : 1.5 GB 
To know more on how to manage your account through MyJio app, click https://www.youtube.com/watch?v=Sroan2IfkMg 
Dial 1991, to know your current balance, validity, plan details and for exciting recharge plans.",Marketing,
"Beware dealing on unsolicited tips through Whatsapp,Telegram,SMS,Calls,Social Media and take informed decision https://www.bseindia.com/attention_investors.aspx",Banking,
Please cast your vote on Wednesday 20th November 2024 for Assembly General Election - IDFC FIRST Bank.,Banking,
"3 BHK with a RARE luxury of 3 private decks
In Koramangala
Introducing Elite at Raheja Vivarea
Call 8080445445
PRM/KA/RERA/1251/310/PR/041123006369 RGVZ",Real Estate,
"Important Alert : Get FREE Airtel Xstream Play on your Airtel number. Watch movies, shows, and live channels now! https://open.airtelxstream.in/FREE_CONTENT",Marketing,
"Our systems will be under maintenance on 24th Nov 2024 from 01:00 to 06:30 IST. During this time HSBC UPI Services, Personal Internet banking, Mobile Banking, Credit & Debit Cards online spends would not be available. We regret the inconvenience caused and request you to plan your banking needs accordingly.",Banking,
"Dear guest, your Domino's order is out for delivery. Click on https://dom.jfl.fyi/DOMINO/MNh2jWT to track it.",Shopping,
We hope you enjoyed your Domino's Pizza. Please click https://dom.jfl.fyi/DOMINO/jElYN3Y to share your experience with us.,Shopping,
"Hey! This Fraud Awareness Week, let's pledge NOT to share confidential credentials with anyone or fall prey to fake investment schemes offered by unknown people. DO NOT click on suspicious links/download suspicious app/.apk files as it may result in financial loss. Bank safe, stay safe! Team IDFC FIRST Bank.",Banking,
HSBC Alert: Beware of investment scams promising high returns. Scammers vanish with your money. Research cautiously before investing. Stay vigilant. Be safe.,Banking,
You have recently recharged your JioFiber connection. Please click www.jio.com/r/z7KyHJwJq to share your feedback on your recharge experience. Team JioFiber,Telecom,
"VANAVIL SUNDAY BEACH @ECR MARAKKANAM 35 ACRES TOWNSHIP-CLEAR BEACH VIEW WITH PRIVATE BEACH ACCESS,DTCP approved plots @7.17 lakhs For Details 9677340001",Real Estate,
"Achieved Rs 13,900 in returns Members are growing portfolios smarter every day https://tinyurl.com/Nkima12",Marketing,
"Dear , Discover Rivaah by Tanishq and add sparkle to every moment! Enjoy up to 20%* off on making charges. http://m.tneu.in/NEUTTN/A6n1Qn6
*T&C",Shopping,
"Important Information: You have access to FREE Airtel Xstream Play on your Airtel number. Enjoy movies, shows and Live channels now at no added cost. Watch now : https://open.airtelxstream.in/FREE_CONTENT",Telecom,
"Today is Sacred UTPANNA EKADASHI.
Please support ISKCON to SERVE SOCIETY

Visit https://iskcon-seva.in

An auspicious day for Charity.

ISKCON
HareKrishna",Marketing,
"Dear Airtel Payments Bank customer, as per RBI guidelines, periodic KYC update is mandatory for your wallet. Your wallet has been blocked. For continued services, Please send a consent letter in case of no change in the information , in case of any change in the KYC details, request  you to send self-attested scan copy of Proof of Identity along with consent letter at update@airtelbank.com by 26-Nov-24",Telecom,
"Hi , Thank God It's Black Friday sale at Croma! Shop till you blackout. Enjoy upto 60% off on Electronics. T&C http://m.tneu.in/TNCRMA/5ErL0Ak",Shopping,
"Introducing Run Diagnostics, A faster & smarter way to fix your JioFiber through simple , DIY ( Do it yourself) steps from anywhere, anytime ! Try now https://t.jio/Run_Diagnostic",Telecom,
We hope you are enjoying our JioFiber services. Please click www.jio.com/r/z9Kbbh9wG to share your experience. Team JioFiber,Telecom,
Participate in the Samvidhan Diwas Quiz & test your knowledge about our nation's laws. Play now & win exciting prizes. https://quiz1.mygov.in/ Team MyGov,Informational,
"AMEX never asks for OTP, Card details or sensitive information. Please do not share these with anyone. To read in another language, visit https://go.amex/QwzsKh",Banking,
"Your feedback is important to us.
Please spare 30 seconds to share your valuable feedback on Jio mobile service experience - www.jio.com/r/AcPRpDVJT",Telecom,
Never respond to emails/embedded links in messages/calls asking you to update or verify KYC documents/User ID/Password/Debit Card Number/PIN/CVV/OTP etc. Immediately change your passwords/CVV/PIN if you have accidentally revealed your credentials.,Informational,
"Hi , Celebrate wedding season with Electronic gifts for happy couples, starting Rs 899. Visit Croma store. http://m.tneu.in/TNCRMA/6jx4xAg T&C",Shopping,
INDIRA's team of experts provides complete stock guidance to meet your investment profit needs. https://goo.su/fpb1Cn,Marketing,
"TRAI never sends any message or makes any call, for verification/ disconnection/ reporting involvement in unlawful activities of mobile users/numbers. Beware of such fraudulent messages/calls in the name of TRAI. These messages/calls should be reported to the Department of Telecom Chakshu Platform at https://sancharsaathi.gov.in/sfc/",Telecom,
"How do you stay safe from spams and scams? We've made your safety our mission. With 800 Cr+ SPAM calls and SMSes already flagged, we are at it every day. Look out for the 'Suspected SPAM' tag - your protection starts here. https://i.airtel.in/awrns2",Telecom,
"YOU HAVE TRUE 5G!
To experience JioTrue5G, check your handset settings by following the below steps.
For android users:
1. Update the latest software of your device by going to Settings->About Device->Software Update
2. Kindly select 5G network on your handset by visiting -> Settings->Mobile Network->SIM->Network Type 5G
To know more https://youtu.be/7gLcTs8QZ8I

For iOS android users:
1. Please update to the latest device software by going to Settings > General > Software Update
2. To set-up 5G on your device, go to Settings > Mobile Data > Mobile Data Options (for single SIM) OR Tap on Jio SIM (for multiple SIMs)
Select Voice & Data > Select 5G Auto.
To know more https://youtu.be/KmtQNXK8r1U
Or, call JioCare at 199.",Telecom,
"TODAY is Most Auspicious MOKSHADA EKADASI & GITA JAYANTI.

Please support daily ANNA-DAAN

Visit https://iskcon-seva.in

A sacred day for charity

ISKCON",Marketing,
"Hi , Wedding season essentials! Discover amazing offers on Mia, Taneira, IRTH, and Skinn by Titan, in-store & online. http://m.tneu.in/NEUTTN/Go5Aw2r",Shopping,
"Important Information: You have access to FREE Airtel Xstream Play on your Airtel number. Enjoy movies, shows and Live channels now at no added cost. Watch now : https://open.airtelxstream.in/FREE_CONTENT",Telecom,
Alert 50%: data is consumed. Get 2GB at Rs33 till Midnight. Recharge now i.airtel.in/dtpck,Telecom,
"Zomato Dining: Slot booked for 12:30PM, 15 Dec, for 4 people.
Check out booking details: zoma.to/ZOMATO/zm/do/92251038632 -ZOMATO",Shopping,
"FRAUD ALERT: Be cautious of spam from unknown numbers. Avoid sharing information or clicking links, except from confirmed Blue Dart official numbers.",Informational,
HSBC Alert: Beware of Deepfake scams! Scammers may impersonate a close contact by video/voice to seek money. Verify before sending funds. Stay vigilant.,Informational,
Avoid clicking on malicious/unrecognizable URLs - they might impersonate your device and steal data. Always verify email and SMS domain names. We only send emails from xxxxx@sc.com or SMS from SCBANK. Fraud hotline is 18002586465/1801024734 - StanChart,Informational,
Suspected Spam : Build steady returns with. Smarter strategies every day. https://tinyurl.com/pkDH17,Marketing,
"Dear Cardmember, you can continue to pay your American Express Card bill with ease via UPI, NEFT, Autopay and other modes. Know more about these options here: https://go.amex/payopt",Marketing,
"ALERT! Your JioFiber plan JioFiber_1M_399 with JioFixedVoice Number +918667961282 will expire on 21-Dec-24 09:07 Hrs. Post expiry, your Internet & outgoing calls will stop working. To enjoy uninterrupted services, recharge your account with a suitable plan, click http://tiny1.jio.com/JioFiberRecharge",Telecom,
"Important Information: You have access to FREE Airtel Xstream Play on your Airtel number. Enjoy movies, shows and Live channels now at no added cost. Watch now : https://open.airtelxstream.in/FREE_CONTENT",Telecom,
Success! Your MPIN is reset/changed. Team IDFC FIRST Bank,Telecom,
"Don't download unknown applications on your phone / devices as these apps can forward SMS received on your phone to other devices. This enables fraudsters to get your OTPs and complete fraudulent transactions. Please do not share the PIN, login ID, password, OTP, debit/credit card details etc. with anyone - StanChart",Informational,
"Dear Demat holder, If your DP is offering online a/c opening, then you also have the facility to close your demat a/c online. For info, contact your DP. - NSDL",Banking,
"You have Jio TRUE 5G! 
Switch to 5G now and enjoy faster speeds and a seamless experience. Enable 5G in your settings today.
 
Update the latest software of your device by going to Settings->About Device->Software Update
 
Kindly select 5G network on your handset by visiting -> Settings->Mobile Network->SIM->Network Type 5G
 
To know more https://youtu.be/7gLcTs8QZ8I Or call JioCare at 199.",Telecom,
"You have Jio TRUE 5G! 
Switch to 5G now and enjoy faster speeds and a seamless experience. Enable 5G in your settings today.

Please update to the latest device software by going to Settings > General > Software Update
 
To set-up 5G on your device, go to Settings > Mobile Data > Mobile Data Options (for single SIM) OR Tap on Jio SIM (for multiple SIMs)

Select Voice & Data > Select 5G Auto.
To know more https://youtu.be/KmtQNXK8r1U
Or call JioCare at 199.",Telecom,
"Dear Customer, Thank you for transacting at Benetton. You have earned 55 points on your latest purchase. Your total points tally is 68.T&C bit.ly/3RbG0tm",Shopping,
"Dear Customer, Thank you for transacting at Benetton. You have earned 111 points on your latest purchase. Your total points tally is 180.T&C bit.ly/3RbG0tm",Shopping,
Alert 50%: data is consumed. Get 2GB at Rs33 till Midnight. Recharge now i.airtel.in/dtpck,Telecom,
"Hello Karunakar Mattaparthi, We would love to hear what you have to say about the experience! Share your opinion in one click https://custfeedback.ril.com/v3/?n=VLQPsSF7Np7., Regards, Reliance Digital.",Shopping,
"Zomato Dining: Slot booked for 01:00PM, 01 Jan, for 4 people.
Check out booking details: zoma.to/ZOMATO/zm/do/90305432584 -ZOMATO",Shopping,
Alert 90%: data is consumed. Get 2GB at Rs33 till Midnight. Recharge now i.airtel.in/dtpck,Telecom,
"Dear Customer, Health Insurance now at affordable prices. Protect your family with Niva Bupa Health Insurance Plans. Visit https://eeg.nu/NIVBUP/lc92d4vT",Marketing,
"We are waiting to hear from you! Click www.jio.com/r/AoKqsx81R to share your feedback on Jio's network and help us serve you better. Thank you, Team Jio",Telecom,
"FRAUD ALERT: Be cautious of spam from unknown numbers. Avoid sharing information or clicking links, except from confirmed Blue Dart official numbers.",Telecom,
"Important Information: You have access to FREE Airtel Xstream Play on your Airtel number. Enjoy movies, shows and Live channels now at no added cost. Watch now : https://open.airtelxstream.in/FREE_CONTENT",Telecom,
"On this Most Auspicious MAKAR SANKRANTI,

Please Support daily ANNA-DAAN to Serve the Society.

Visit https://iskcon-seva.in

A sacred day for Charity

ISKCON",Marketing,
"Your Airtel pack ends TOMORROW. If not recharged, outgoing services will stop. Recharge without losing your current validity i.airtel.in/FDPNew Ignore if done",Telecom,
"Important Information: You have access to FREE Airtel Xstream Play on your Airtel number. Enjoy movies, shows and Live channels now at no added cost. Watch now : https://open.airtelxstream.in/FREE_CONTENT",Telecom,
"Hi , Wedding gifting made elegant! Discover offers on Mia, Taneira, IRTH, and Skinn by Titan, in-store & online. http://m.tneu.in/NEUTTN/gOKKBRj",Shopping,
"Hi Patron, Join Bata Club today n get Xclusive benefits! Checkout our Make Your Way Collection and get Upto 50% off on selected articles till 26-Jan TnC Apply",Marketing,
"KORAMANGALA'S FINEST HOMES.
A PRIVILEGE MEANT FOR A SELECT FEW.
At Raheja Vivarea 3, 4 & 5 BHK
8080445445
PRM/KA/RERA/1251/310/PR/041123/006369 RGVZ",Real Estate,
"IndiGo: Dear flyer, download the Digi Yatra app for a seamless check-in experience at the airport. Find the app on Google Play Store https://gi9.in/IndiGo/6BRjFt or the Apple App store https://gi9.in/IndiGo/O7XMQm Get, Set, IndiGo",Marketing,
"MAHA KUMBHA MELA

Please support ISKCON to Serve Millions of Pilgrims/ Sadhus in MAHA KUMBHA MELA.

A Very rare & Sacred Occasion.

Visit https://iskcon-seva.in",Marketing,
"Invest in India's new economic powerhouse, NAGPUR. 1500sqft land @Rs.89.99L All-in. The House of Abhinandan Lodha 02269098021 Salaried",Real Estate,
"Hello Karunakar Mattaparthi, Hope you had a wonderful delivery and installation experience! Tell us exactly how you feel, Please click https://custfeedback.ril.com/v3/?n=PkfF0cm5J1h., Regards, Reliance ResQ.",Shopping,
Your JioFiber experience matters to us! Share your feedback and help us serve you better: www.jio.com/r/AvJzycogR Thank you for choosing JioFiber!,Telecom,
"Watch out for fraudulent callers trying to lure you with fake reward points. Don't click on suspicious links sent by them via email / SMS and do not share confidential details like PIN, login ID, password, OTP, debit card/credit card details etc. To report a fraud, call 18002586465 / 18001024734  - StanChart",Informational,
"Beware of fraudsters requesting payment to update your e-wallet KYC. Don't click on any suspicious links sent via email or SMS as it may mirror your device to steal confidential information. Please do not share PIN, password, OTP, debit/credit card details etc. To know more, visit https://nc6.in/SCBANK/acszAg - StanChart",Informational,
Airtel Warning: SPAM | Unlock better investment opportunities with Barclays! Members earned Rs 300000 last week! https://tinyurl.com/65sXYIH4,Marketing,
"MAUNI AMAVASYA - MAHA KUMBHA MELA

Please be a part of ISKCON's activities at KUMBHA MELA 2025.

Once in a Lifetime Opportunity.

Visit https://iskcon-seva.in",Marketing,
"Hello Karunakar Mattaparthi, We would love to hear what you have to say about the experience! Share your opinion in one click https://custfeedback.ril.com/v3/?n=U994CpxDHox., Regards, Reliance Digital.",Shopping,z
Airtel Warning: SPAM | HSBC Securities  members gained Rs 144980 last week with trusted stock strategies. https://tinyurl.com/wxEXF16,Marketing,
Build a smarter portfolio with HSBC Securities . Simple stock advice you can trust. https://tinyurl.com/FpR5V23,Banking,
Beware of Smishing! American Express never asks you to share personal or financial information via SMS. Never click on suspicious links and report such messages immediately by calling us at the number on the back of your Card or chat via AMEX IN Mobile App.,Banking,
"Hi , Wedding-ready styles & gifts! Great offers on Mia, Taneira, IRTH, and Skinn by Titan, online & in-store. http://m.tneu.in/NEUTTN/w5ynqjz",Shopping,
"Important Information: You have access to FREE Airtel Xstream Play on your Airtel number. Enjoy movies, shows and Live channels now at no added cost. Watch now : https://open.airtelxstream.in/FREE_CONTENT",Telecom,
"MAHA KUMBHA MELA

Please support ISKCON to Serve Millions of Pilgrims/ Sadhus in MAHA KUMBHA MELA.

A Very rare & Sacred Occasion.

Visit https://iskcon-seva.in",Marketing,
"We are waiting to hear from you! Click www.jio.com/r/AySQdasri to share your feedback on Jio's network and help us serve you better. Thank you, Team Jio",Telecom,
"Hi , Get 1.5 Ton 3-Star AC starting Rs 27,990* with Exchange Benefit & Easy EMIs. Visit Croma store http://m.tneu.in/TNCRMA/GkQAmk9 T&C",Shopping,
"Dear Customer,
Joyalukkas Biggest Jewellery Sale of the Year is Back! Enjoy FLAT 50% OFF on making charges (V.A) on Gold, Diamond, Uncut Diamond, Precious, Platinum & Silver jewellery until 9th March 2025. Don't miss out!",Shopping,
"Dear Customer, Our systems will be under maintenance on 9th Feb 2025. HSBC Debit and Credit Card services, Internet, Mobile banking & UPI platforms may not be available from 01:00 IST to 08:00 (Indian standard time). We regret the inconvenience and request you to plan your banking needs accordingly.",Banking,
"Exciting offer for you! Dear Customer, Pay for 12 Months and get 30 Days Extra validity or pay for 6 Months and get 15 days Extra validity. To pay and avail this offer now, click https://t.jio/Fiber_Dashboard 
Team JioFiber",Telecom,
Airtel Warning: SPAM | Stay informed with stock market news and expert insights to enhance your investments! https://tinyurl.com/YMdwZ7,Marketing,
Airtel Warning: SPAM | Stay informed with stock market news and expert insights to enhance your investments! https://tinyurl.com/YMdwZ7,Marketing,
"Today is Auspicious JAYA EKADASHI

Please support ISKCON to SERVE SOCIETY. 

Visit https://iskcon-meal.in

A Sacred Day for Charity.

ISKCON
HARE KRISHNA",Marketing,
"You have Jio TRUE 5G! 
Switch to 5G now and enjoy faster speeds and a seamless experience. Enable 5G in your settings today.

Please update to the latest device software by going to Settings > General > Software Update
 
To set-up 5G on your device, go to Settings > Mobile Data > Mobile Data Options (for single SIM) OR Tap on Jio SIM (for multiple SIMs)

Select Voice & Data > Select 5G Auto.
To know more https://youtu.be/KmtQNXK8r1U
Or call JioCare at 199.",Telecom,
"MAHA KUMBHA MELA

Please support ISKCON to Serve Millions of Pilgrims/ Sadhus in MAHA KUMBHA MELA.

A Very rare & Sacred Occasion.

Visit https://iskcon-seva.in",Marketing,
"Dear Customer,
We are sorry to learn that you've requested for cancellation of your JioFiber connection. We value your patronage and would like to connect with you in the next 48 hours to understand the reason and assist you further.
Click - https://www.jio.com/dl/track_cancellation to track the status of your cancellation request on MyJio app.
For any assistance, you can call us on 18008969999.
Team JioFiber",Telecom,
"Hi ,
One diamond. Two rings. A forever love. This Valentine's Day, celebrate your love with Soulmate Diamond Pair Rings by Tanishq - two rings crafted from a single natural diamond, to reflect your timeless love. Get up to 20%* off on diamond jewelry value. http://m.tneu.in/NEUTTN/5vjyRnJ
*T&C Apply.",Shopping,
"You have Jio TRUE 5G! 
Switch to 5G now and enjoy faster speeds and a seamless experience. Enable 5G in your settings today.

Please update to the latest device software by going to Settings > General > Software Update
 
To set-up 5G on your device, go to Settings > Mobile Data > Mobile Data Options (for single SIM) OR Tap on Jio SIM (for multiple SIMs)

Select Voice & Data > Select 5G Auto.
To know more https://youtu.be/KmtQNXK8r1U
Or call JioCare at 199.",Telecom,
"S.B.I. BANK ) user Rwrdâ€¢
point's Rs.8990 will Expire by 11/02/2025 Kindly convert.l
point into cash click
https://rwds.short.gy/sbi",Spam,
"Important Information: You have access to FREE Airtel Xstream Play on your Airtel number. Enjoy movies, shows and Live channels now at no added cost. Watch now : https://open.airtelxstream.in/FREE_CONTENT",Telecom,
"New device added to 'Trusted Devices' list on your Amex Online Account. If you didn't initiate this, please call the number at the back of your Card.",Banking,
"MAGH PURNIMA

On this Auspicious day, Please be a part of ISKCON's activities at MAHA KUMBHA 2025.

A Rare and Sacred Occasion.

Visit https://iskcon-seva.in",Marketing,
"BIRLA-EVARA,
Nr RGA-Tech-Park, Sarjapur-Rd.
LUXURY HOMES AMIDST NATURE,
80% Open Space, 50+Amenities,
2/3/4BHK from 1.40Cr.
Brochure:-
wa.link/evara-authorised",Marketing,
"You have successfully updated the passcode for your online investment account.

Regards,
Team Bandhan MF",Banking,
"Follow Porinju Veliyath's investment steps to uncover potential stocks-limited spots, join for free now! https://cutt.ly/JrweIVPo",Marketing,
"Hi bigbasketeer,

Thank you for shopping with bigbasket!

Please help us improve by sharing your feedback here: https://forms.gle/5bKVxYmn1u1UY4jH9",Marketing,
"GODREJ-SHETTIGERE,
NR. BENGALURU AIRPORT,
62-ACRE PREMIUM TOWNSHIP,
70% Open, & 1.5L Sqft Clubhouse,
2/3 BHK from 1.14Cr.
Brochure:-
wa.link/godrej-authorised",Real Estate,
"Important Information: You have access to FREE Airtel Xstream Play on your Airtel number. Enjoy movies, shows and Live channels now at no added cost. Watch now : https://open.airtelxstream.in/FREE_CONTENT",Telecom,
"Don't trust all contact numbers found online. They could have been altered to defraud you. Please do not share any PIN, login ID, password, OTP, debit/credit card details etc. with anyone. Only use trusted and verified sites for transactions. For more details, visit https://nc6.in/SCBANK/bBl4Pw - StanChart",Banking,
"Dear Customer, Click www.jio.com/r/AGqizBl0E to tell us how we can make your experience on Jio network even better. Thank you, Team Jio",Banking,
"IF ANY STATE GOVT. EMPLOYEE DEMANDS BRIBE, CONTACT ACB MUMBAI ON TOLL FREE NO.1064, E-Mail-addlcpacbmumbai@mahapolice.gov.in -BY ACB MUMBAI",Informational,
"GODREJ-SHETTIGERE,
NR. BENGALURU AIRPORT,
62-ACRE PREMIUM TOWNSHIP,
70% Open, & 1.5L Sqft Clubhouse,
2/3BHK from 1.14Cr,
Info-

wa.link/godrej-bengaluru

RLTYX",Real Estate,
"Dear Customer, rewards redemption on your HSBC Platinum Credit Card will be unavailable from 15-Mar-25 for a system upgrade. You will be able to start redeeming your points on 01-Apr-25, exclusively through the HSBC India Mobile Banking App. For additional details, click here https://gs.im/HSBCIM/e/Ad94rYZQMTA.",Banking,
"We are waiting to hear from you! Click www.jio.com/r/AIabsuYBt to share your feedback on Jio's network and help us serve you better. Thank you, Team Jio",Telecom,
"Update from CRED:

Rs.100 cashback received on your recent transaction.
Click the link https://link.cred.club/CREDIN/link/49WQq0ca to use it before it expires.",Marketing,
"Hi Karunakar Mattaparthi, your table is ready. Please contact the front desk asap - ReserveGo",Shopping,
"GODREJ-VISTAS, VIKHROLI EEH
NEAR TAJ HOTEL
850-1700 Sqft
2/3/4 BHK from 2.73Cr,
Lifetime Sunrise & Sunset Views
Low Density

Info:
wa.link/vistas

RLTYX",Real Estate,
Alert 50%: data is consumed. Get 2GB at Rs33 till Midnight. Recharge now i.airtel.in/dtpck,Telecom,
"Dear Customer, rewards redemption on your HSBC Platinum Credit Card will be unavailable from 15-Mar-25 for a system upgrade. You will be able to start redeeming your points on 01-Apr-25, exclusively through the HSBC India Mobile Banking App. For additional details, click here https://gs.im/HSBCIM/e/DbnA13y59WF.",Telecom,
"GODREJ-VASHI
RERA RECEIVED
KING SIZED HOMES
LIFE TIME SEA VIEWS
LARGE PRIVATE DECKS
2/3/4/5 BHK from 3.35Cr
Sample-Ready
INFO:

wa.link/godrej-sea-breeze

RLTYX",Real Estate,
"Dear Card Member, there will be some changes made with respect to safe disposal of your old Card and managing Standing Instructions (SI) for existing Card to the Most Important Terms and Conditions (MITC) applicable to your American Express Card. These changes are effective 14th April 2025. Please click on amex.in/mitc .",Banking,
"Dear User, Your Paytm Payments Bank wallet is inactive. Kindly Tap Here to reactivate. https://b.ppbl.me/PYTMBK/7lWBKcSB :PPBL",Banking,
"If you receive audio/video calls threatening digital arrest, don't panic. Don't share personal/financial information or pay money. Call 1930 for help. -RBI",Informational,
"Important Update - Your plan includes access to 23+ OTT subscriptions including SonyLiv, SunNxt, Lionsgate & Aha. Watch Now! https://i.airtel.in/Watchnow1",Telecom,
"Hi Karunakar,
Wallet Alert!! 500.000 points in your VAN HEUSEN INNERWEAR's PRIVILEGE Club wallet will expire on 31-Mar-2025.
Redeem them now at our exclusive stores. mm7.in/VHINWR/6GQJVuxP21",Shopping,
"Your Airtel pack ends TOMORROW. If not recharged, outgoing services will stop. Recharge without losing your current validity i.airtel.in/FDPNew Ignore if done",Banking,
"Amex: Digital payments are rapidly growing in India! Learn about digital payments and ensure anytime, anywhere, secure and convenient transactions with Digital Payment Awareness Week - An RBI Initiative. To know more: https://go.amex/paysdigitally",Banking,
"Important Update - Your plan includes access to 23+ OTT subscriptions including SonyLiv, SunNxt, Lionsgate & Aha. Watch Now! https://i.airtel.in/Watchnow1",Telecom,
"Hi Karunakar, 
Thank you for choosing VAN HEUSEN INNERWEAR! You've earned 218.000 points on your recent purchase in your PRIVILEGE Club wallet. 
Your current points balance is 718.000. We can't wait to see you back soon.",Shopping,
"Hi, Thank you for shopping with Van Heusen Innerwear! We hope you like the latest addition to your wardrobe. To view your bill and share your feedback, please click on the link below ct3.io/4Lkiq0V",Shopping,
CONGRATULATIONS! You've unlocked flat Rs. 50 cashback on your airtel UPI transaction via Airtel Thanks app. Complete your transaction seamlessly & save money. Click here https://i.airtel.in/flat50,Telecom,
Wakefit is excited to know about your recent purchase experience with Ortho Plus Mattress. Please share it at https://gs.im/WKEFTT/e/NQcrOuHhRxy,Marketing,
Your voice matters. Participate in Energy Efficient Cooling Survey https://www.mygov.in/mygov-survey/shape-future-energy-efficient-cooling/?utm=sms .Team MyGov,Informational,
"GODREJ-VISTAS, VIKHROLI EEH
NEAR TAJ HOTEL
850-1700Sqft
Mangrove Vista
2/3/4 BHK@ 2.73Cr
Lifetime Sunrise & Sunset Views
Low Density
Info:

wa.link/godrej-vstrh",Real Estate,
Moving houses? We are ready to help! Just drop in a request to shift your Airtel Wi-Fi connection & we will assist you with your request! Visit https://i.airtel.in/Wifi-Shifting,Telecom,
"You have Jio TRUE 5G! 
Switch to 5G now and enjoy faster speeds and a seamless experience. Enable 5G in your settings today.

Please update to the latest device software by going to Settings > General > Software Update
 
To set-up 5G on your device, go to Settings > Mobile Data > Mobile Data Options (for single SIM) OR Tap on Jio SIM (for multiple SIMs)

Select Voice & Data > Select 5G Auto.
To know more https://youtu.be/KmtQNXK8r1U
Or call JioCare at 199.",Telecom,
"Dear
PRICE HIKE IN 10 DAYS
GODREJ-LAKESIDE-ORCHARD
Nr-Wipro-SEZ, Bangalore
1270-2678-Sqft
Lavish 2/3/4BHK from-1.39-Cr
25X4 Pay Plan
Info:

wa.link/godrej-rltyx",Real Estate,
Prioritize your child's safety as a parent. Safeguard them by installing Parental Control Filters (PCF) for your computer's operating system/browsers from a reliable source. Protect your child from exposure to harmful content and contacts - Department of Telecommunications,Informational,
"Important Update - Your plan includes access to 23+ OTT subscriptions including SonyLiv, SunNxt, Lionsgate & Aha. Watch Now! https://i.airtel.in/Watchnow1",Telecom,
We hope you enjoyed your Domino's Pizza. Please click https://dom.jfl.fyi/DOMINO/jyGjNM1 to share your experience with us.,Shopping,
Airtel Warning: SPAM | Discover how smart investors find stock opportunities daily. Insights that help you take better action. https://tinyurl.com/2zrdd646,Telecom,
Airtel Warning: SPAM | Discover how smart investors find stock opportunities daily. Insights that help you take better action. https://tinyurl.com/2zrdd646,Telecom,
"PRICE HIKE IN 5 DAYS
GODREJ-LAKESIDE-ORCHARD
Nr-Wipro-SEZ, Bangalore
1270-2678-Sqft.
2,3 & 4BHK-from-1.39-Cr
20:80 Pay Plan
Info:
wa.link/godrej-authorised",Real Estate,
Revision of toll rates for each vehicle class in select plazas 01-Apr-25 onwards. Keep sufficient bal in ICICI Bank FASTag to avoid paying double fare,Banking,
"You have Jio TRUE 5G! 
Switch to 5G now and enjoy faster speeds and a seamless experience. Enable 5G in your settings today.

Please update to the latest device software by going to Settings > General > Software Update
 
To set-up 5G on your device, go to Settings > Mobile Data > Mobile Data Options (for single SIM) OR Tap on Jio SIM (for multiple SIMs)

Select Voice & Data > Select 5G Auto.
To know more https://youtu.be/KmtQNXK8r1U
Or call JioCare at 199.",Telecom,
"Important Update - Your plan includes access to 23+ OTT subscriptions including SonyLiv, SunNxt, Lionsgate & Aha. Watch Now! https://i.airtel.in/Watchnow1",Telecom,
"The festival of new beginnings is here! Tanishq jewellery Vijayawada wishes you a very Happy Ugadi. May this Ugadi bring you luck, love, and abundant prosperity. 

Get upto Rs101 off* per gram on gold jewellery also enjoy up to 20% off* on making charges of gold jewellery and on diamond jewellery value from 28th March to 31st March, and avail 100% exchange value* for old gold bought from any jeweller. T&C* Ph:- 9948212618",Shopping,
"Important Update - Your plan includes access to 23+ OTT subscriptions including SonyLiv, SunNxt, Lionsgate & Aha. Watch Now! https://i.airtel.in/Watchnow1",Telecom,
"Important information - TRAI does not provide any NOC for installing mobile towers. If a fraudster brings a fake letter to you, inform the concerned service provider and the local police.",Telecom,
Step into joy & celebrations with Inc.5 stunning new collection! Visit your nearest store: https://vm.ltd/INCFIE/5dKlbR T&C,Shopping,
"Important Update: Due to a tariff increase by broadcasters, the prices of certain channels available on Airtel DTH have been revised, effective from 1st April 2025.
To learn more about the revised prices, visit https://gh0hi-web.app.link/e/Channel.
For any changes, visit Airtel Thanks App https://i.airtel.in/Thanks12",Telecom,
"Beware of SMS sent by fraudsters asking you to pay overdue electricity bill by clicking on suspicious link or requesting a call back on a number to avoid disconnection. Don't fall prey to such tricks and never share PIN, password, OTP, CVV, etc. with anyone. To report a fraud, call 18002586465 / 18001024734 - StanChart",Informational,
"Your transactions, your way. Modify security settings on your American Express Card for seamless online, chip and contactless transactions across domestic and international locations. Personalize your financial control via the Amex App bit.ly/amexmobileapp or your online account bit.ly/amexonlineaccount",Banking,
"Important Update - Your plan includes access to 23+ OTT subscriptions including SonyLiv, SunNxt, Lionsgate & Aha. Watch Now! https://i.airtel.in/Watchnow1",Telecom,
"Great News!! 
Your device and location are 5G ready. 
People around you are using and loving the 5G experience. 
We want you also to experience India's only TRUE 5G network, call JioCare at 199 or click https://www.jio.com/5g",Telecom,
"Update from CRED:

Rs.100 cashback received on your recent transaction.
Click the link https://link.cred.club/CREDIN/link/49WQq0ca to use it before it expires.",Marketing,
Thank you for visiting Van Heusen Innerwear. You have requested to Redeem 200.0  points. Use the validation code 1131,Shopping,
"Hi, Thank you for shopping with Van Heusen Innerwear! We hope you like the latest addition to your wardrobe. To view your bill and share your feedback, please click on the link below ct3.io/4OYch5c",Shopping,
"We are waiting to hear from you! Click www.jio.com/r/ASfARuGOc to share your feedback on Jio's network and help us serve you better. Thank you, Team Jio",Telecom,
"Mega Launch By Brigade Group
Opp RMZ Galleria Mall
Yelahanka 
14 Acres Township
75+Amenities
1BHK-95L*
3BHK-2.09Cr*
4BHK-3.79Cr*
Brochure- wa.link/mrnpzz SYTEMS",Real Estate,
"TATA PLAY DTH-Save Rs 2000 ! New HD DTH and installation   Rs 0 Cost, Free Now. Pay only for Channels. For New DTH and Non ODU DTH offer Call 6366526700 grsdth",Marketing,
"Dear Customer, Our systems will be under maintenance on 14-Apr-25. All transactions on HSBC Credit Cards & ATM transactions on HSBC Debit Cards may not be available from 01:00 IST to 06:00 (Indian standard time). We regret the inconvenience and request you to plan your banking needs accordingly.",Banking,
"Hey,
As requested by you, here are the list of properties in Choodasandra matching your preference : http://nobr.kr/NOBRKR/sy/fDpQL.
NoBroker",Marketing,
"Celebrate Akshaya Tritiya with Joyalukkas!
Get FREE 24K gold bars or Lakshmi idols.Lock gold rate with 10% advance
Visit nearest showroom till May 1st
T&C apply",Shopping,
"Dear Customer, Thanks for visiting. Buy Health Insurance now at affordable prices. Protect your family with Niva Bupa Health Insurance Plans. Visit  https://eeg.nu/NIVBUP/Jbktw8it",Marketing,
Moving houses? We are ready to help! Just drop in a request to shift your Airtel Wi-Fi connection & we will assist you with your request! Visit i.airtel.in/Wifi-Shifting,Marketing,
"Dear Passenger, You can check on-board food menu options at: https://menurates.irctc.co.in/ IR-CRIS",Marketing,
"Great News!! 
Your device and location are 5G ready. 
People around you are using and loving the 5G experience. 
We want you also to experience India's only TRUE 5G network, call JioCare at 199 or click https://www.jio.com/5g",Telecom,
Alert 50%: data is consumed. Get 2GB at Rs33 till Midnight. Recharge now i.airtel.in/dtpck,Telecom,
"Airtel Digital TV ya sevegala Ananda padeyalu, dayavittu nimma account annu online moolaka namma website athava Airtel Thanks App nalli recharge maadi.",Telecom,
Alert 50%: data is consumed. Get 2GB at Rs33 till Midnight. Recharge now i.airtel.in/dtpck,Telecom,
"Effective '01-Jun-2025, Schedule of Charges for YES BANK Savings Ac will be revised. For details, click http://1kx.in/YESBNK/X1AujksehNZ. For queries, contact nearest branch.",Banking,
"Dear Customer, The technical upgrade of Digital Rupee App has been successfully completed. Please update the app to resume regular services. IDFC FIRST Bank",Banking,
"Dear Passenger, You can check on-board food menu options at: https://menurates.irctc.co.in/ IR-CRIS",Marketing,
"Update from CRED:

Rs.100 cashback received on your recent transaction.
Click the link https://link.cred.club/CREDIN/link/49WQq0ca to use it before it expires.",Marketing,
"Dear Passenger, You can check on-board food menu options at: https://menurates.irctc.co.in/ IR-CRIS",Marketing,
CONGRATULATIONS! You've unlocked flat Rs. 50 cashback on your airtel UPI transaction via Airtel Thanks app. Complete your transaction seamlessly & save money. Click here https://i.airtel.in/flat50,Telecom,
"Zomato Dining: Slot booked for 02:00PM, 11 May, for 4 people.
Check out booking details: zoma.to/ZOMATO/zm/do/96042107308 -ZOMATO",Shopping,
"Hey,
As requested by you, here are the list of properties in Doddaballapur Road matching your preference : http://nobr.kr/NOBRKR/sy/j7Yb52.
NoBroker",Marketing,
My Meal Wallet benefit linked to your Pluxee card is now active.,Shopping,
"Attention!
Your HDFC Bank A/c has a SmartEMI offer on your HDFC Bank Credit Card. To Claim, visit https://hdfcbk.io/HDFCBN/84382PFESGlQ",Banking,
"Dear Investor, Greetings from ICICI Prudential Mutual Fund. This is with reference to the Notice dated April 30, 2025 on Change in the Base Total Expense Ratio (TER) of ICICI Prudential Bluechip Fund - Direct Plan - Growth from 0.69% to 0.70%. Kindly note that the change in TER shall now be effective from May 27, 2025. Please refer the website of ICICI Prudential Mutual Fund for TER details. ICICI Prudential Mutual Fund",Banking,
Alert 50%: data is consumed. Get 2GB at Rs33 till Midnight. Recharge now i.airtel.in/dtpck,Telecom,
"Dear Customer,

We're conducting a survey to understand your HDFC Bank Diners Club experience.
Please share your feedback: https://hdfcbk.io/HDFCBK/s/onjb8E9N",Telecom,
Moving houses? We are ready to help! Just drop in a request to shift your Airtel Wi-Fi connection & we will assist you with your request! Visit i.airtel.in/Wifi-Shifting,Marketing,
Critical Low Wallet Balance Alert! Your order/s for tomorrow may not be delivered due to low wallet balance. Recharge now at https://bbdaily.app.link/C0MhERc6L6,Marketing,
We have noticed that you have not used your HSBC Credit Card ending with 0750 for the last 12 months. Use your card or SMS OPEN to 575750 by 04-Jun-25 to avoid the primary and any linked add on card from being closed. Click https://gs.im/HSBCIM/e/bCE0lf1bYBf for details. Kindly ignore in case already done.,Banking,
"[CRITICAL] SEBI circular on ""Most Important Terms and Conditions (MITC) for Research Analysts"" needs your attention. Review Now: ct3.io/54Cw6ga -HDFC SEC",Marketing,
"HSBC: In case of any Unauthorised Electronic Banking Transaction in your account, your liability will be guided by the Bank's policy on ""Limited Liability of Customers"" available on our website https://gs.im/HSBCIM/e/OvOA3fYUzt9.",Banking,
"Hey KARUNAKAR, Thank you for shopping with us at Imagine - IMAGINE-HSR LAYOUT. You now have 212.65 points in your Loyalty account. Rate us on i.cplry.com/NjY5NjI4NTErMQ.",Shopping,
"Dear Member, Thank you for Shopping @ Mochi Shoes. You have earned 91.6 points. Your current balance is 91.6 points. Redeem it on your next purchase. Get BONUS gift voucher on updating your profile by clicking i.cplry.com/NjY5OTEwODcrMQ",Shopping,
"Your Airtel benefit brings 20+ OTTs! Watch movies, shows & LIVE TV on Xstream Play for FREE. Claim now: https://open.airtelxstream.in/claimnow",Telecom,
"Airtel is now The Safe Network.
Our Fraud Detection Solution blocks scam links before they open, so you stay protected. To know more, watch this video https://i.airtel.in/safe_ntwrk1",Telecom,
"Lodha Opulis at Kalyan Shil Rd Dombivli E
Ultra Luxurious 3&3.5 BHK Homes
1100-1340 SqFt Carpet Starts at 1.40 Cr
25X4 Payment Plan
Visit : wa.link/lodha-dm",Real Estate,
"RBI plan: Rs10K start, Rs50L in 30 days. With divine blessing, enter now. https://ustockg.com/di8i",Marketing,
CONGRATULATIONS! You've unlocked flat Rs. 50 cashback on your airtel UPI transaction via Airtel Thanks app. Complete your transaction seamlessly & save money. Click here https://i.airtel.in/flat50,Telecom,
Dear Call neha 6297106448 prvte meet we appreciate your interest in Meeting for Your Query vfmtours,Spam,
"We are continuously working towards improving your Airtel experience. As a part, we have planned maintenance on 12 June 2025 12:04 PM to 12 June 2025 06:00 PM, due to which you might experience slight disruption with your Airtel Wi-Fi.",Telecom,
Up to 50% OFF at Inc.5! Treat yourself to stylish in-house picks at Inc.5 stores. Shop now and save big: https://inc5shop.com T&C,Shopping,
Service Update: Services for your Airtel Wi-Fi have been restored. You can now experience seamless services. We are sorry for the inconvenience caused to you and thank you for your patience.,Telecom,
"We are continuously working towards improving your Airtel experience. As a part, we have planned maintenance on 13 June 2025 01:00 PM to 13 June 2025 06:30 PM, due to which you might experience slight disruption with your Airtel Wi-Fi.",Telecom,
Service Update: Services for your Airtel Wi-Fi have been restored. You can now experience seamless services. We are sorry for the inconvenience caused to you and thank you for your patience.,Telecom,
"Dear Customer, Our systems will be under maintenance on 16-Jun-25. All transactions on HSBC Credit Cards & ATM transactions on HSBC Debit Cards may not be available from 1:30 AM IST to 5:30 AM (Indian standard time). We regret the inconvenience and request you to plan your banking needs accordingly.",Banking,
"Great News!! 
Your device and location are 5G ready. 
People around you are using and loving the 5G experience. 
We want you also to experience India's only TRUE 5G network, call JioCare at 199 or click https://www.jio.com/5g",Telecom,
"Hurry up!!! VANAVIL SUNDAY BEACH @ECR 35 ACRES RESORT PROPERTY-CLEAR BEACH VIEW WITH PRIVATE BEACH ACCESS,DTCP APPROVED PLOTS @8.9 LAKHS FOR DETAILS 9090615757",Real Estate,
"For quick Airtel Wi-Fi support, chat with us on WhatsApp: https://wa.me/+919205182984?text=Hi. Watch this video to know how to optimize and reboot your Wi-Fi improved performance- https://youtu.be/YqOp0CrB4PQ",Telecom,
SHOLINGANALLUR à®ªà®•à¯à®¤à®¿à®¯à®¿à®²à¯ à®®à®¿à®©à¯à®¤à®Ÿà®™à¯à®•à®²à¯ à®à®±à¯à®ªà®Ÿà¯à®Ÿà¯à®³à¯à®³à®¤à¯. 23:45 à®®à®£à®¿à®•à¯à®•à¯à®³à¯ à®šà¯€à®°à¯à®šà¯†à®¯à¯à®¯à®ªà¯à®ªà®Ÿà¯à®®à¯ - TANGEDCO,Real Estate,
"Hi! 
Your order was delivered to your doorstep. Kindly ensure you collect your order. If in case you have any issues with the order, kindly raise it up from the Self Help section post 07:00 AM.  
Team milkbasket",Marketing,
Up to 50% OFF at Inc.5! Treat yourself to stylish in-house picks at Inc.5 stores. Shop now and save big: https://inc5shop.com T&C,Shopping,
"Hi! 
Your order was delivered to your doorstep. Kindly ensure you collect your order. If in case you have any issues with the order, kindly raise it up from the Self Help section post 07:00 AM.  
Team milkbasket",Marketing,
"You have Jio TRUE 5G! 
Switch to 5G now and enjoy faster speeds and a seamless experience. Enable 5G in your settings today.

Please update to the latest device software by going to Settings > General > Software Update
 
To set-up 5G on your device, go to Settings > Mobile Data > Mobile Data Options (for single SIM) OR Tap on Jio SIM (for multiple SIMs)

Select Voice & Data > Select 5G Auto.
To know more https://youtu.be/KmtQNXK8r1U
Or call JioCare at 199.",Telecom,
Up to 50% OFF at Inc.5! Treat yourself to stylish in-house picks at Inc.5 stores. Shop now and save big: https://inc5shop.com T&C,Shopping,
"Hi! 
Your order was delivered to your doorstep. Kindly ensure you collect your order. If in case you have any issues with the order, kindly raise it up from the Self Help section post 07:00 AM.  
Team milkbasket",Marketing,
"Service Update!
We are happy to introduce you to our Additional 5% off!
Click here https://cka.nu/TATALI/YMUKlm1k to know more.

Regards,
Tata AIA Life Family.",Marketing,
"Dear Fabricspa customer, we will continue to update on offers & deals. To unsubscribe, please email us at dnd@jfsl.in with your registered contact number.",Marketing,
"Final call before price rise,
GODREJ-MSR-CITY,
NR.BENGALURU AIRPORT,
62-ACRE TOWNSHIP,
LARGE & Lavish,
2/3 BHK from 1.23Cr,
info-
wa.link/godrej-authorised",Real Estate,
"Dear Customer, Click www.jio.com/r/BnXUIktK3 to tell us how we can make your experience on Jio network even better. Thank you, Team Jio",Telecom,
"Your Airtel pack ends TOMORROW. If not recharged, outgoing services will stop. Recharge without losing your current validity i.airtel.in/FDPNew Ignore if done",Telecom,
SHOLINGANALLUR à®ªà®•à¯à®¤à®¿à®¯à®¿à®²à¯ à®®à®¿à®©à¯à®¤à®Ÿà®™à¯à®•à®²à¯ à®à®±à¯à®ªà®Ÿà¯à®Ÿà¯à®³à¯à®³à®¤à¯. 23:15 à®®à®£à®¿à®•à¯à®•à¯à®³à¯ à®šà¯€à®°à¯à®šà¯†à®¯à¯à®¯à®ªà¯à®ªà®Ÿà¯à®®à¯ - TANGEDCO,Real Estate,
"Enjoy 2GB/day data, unlimited Local, STD & Roaming calls on any network and 100 SMS/day. Pack valid for 56 days. UNLIMITED 5G data over & above your plan limit.",Telecom,
CONGRATULATIONS! You've unlocked flat Rs. 50 cashback on your airtel UPI transaction via Airtel Thanks app. Complete your transaction seamlessly & save money. Click here https://i.airtel.in/flat50,Marketing,
SHOLINGANALLUR à®ªà®•à¯à®¤à®¿à®¯à®¿à®²à¯ à®®à®¿à®©à¯à®¤à®Ÿà®™à¯à®•à®²à¯ à®à®±à¯à®ªà®Ÿà¯à®Ÿà¯à®³à¯à®³à®¤à¯. 11:00 à®®à®£à®¿à®•à¯à®•à¯à®³à¯ à®šà¯€à®°à¯à®šà¯†à®¯à¯à®¯à®ªà¯à®ªà®Ÿà¯à®®à¯ - TANGEDCO,Real Estate,
"Hi , Extra 10% off* on latest TVs + Superrr Exchange Bonus at Croma stores on Wednesdays! Know more http://m.tneu.in/TNCRMA/qrBxLoD T&C",Shopping,
"Dear Sir/Mam
The details you enquired about Brigade New Flats in Kr Puram dimension 2/3Bhk price 1.5Cr know more brigadelakecrest.sales-enquiry.com

Housystan",Real Estate,
"Dear Sir/Mam
The details you enquired about
Brigade New Flats in Whitefield
Dimension 3.5/4 Bhk price 4.6Cr
know more brigadeavalon.sales-enquiry.com

Housystan",Real Estate,
"We are waiting to hear from you! Click www.jio.com/r/Bp3zJ08I7 to share your feedback on Jio's network and help us serve you better. Thank you, Team Jio",Telecom,
"Dear Benetton Member, you have a 750 Color Club points in your account & it will expire on 27-Jul-2025. Visit @ a store near you to redeem before it expires.T&C",Shopping,
"HDFC Bank Update:

Convert your recent eligible transactions into monthly EMIs. It is simple and fully digital.
Tap: https://hdfcbk.io/HDFCBK/s/7dgK07EV",Telecom,
"You have Jio TRUE 5G! 
Switch to 5G now and enjoy faster speeds and a seamless experience. Enable 5G in your settings today.

Please update to the latest device software by going to Settings > General > Software Update
 
To set-up 5G on your device, go to Settings > Mobile Data > Mobile Data Options (for single SIM) OR Tap on Jio SIM (for multiple SIMs)

Select Voice & Data > Select 5G Auto.
To know more https://youtu.be/KmtQNXK8r1U
Or call JioCare at 199.",Telecom,
CONGRATULATIONS! You've unlocked flat Rs. 50 cashback on your airtel UPI transaction via Airtel Thanks app. Complete your transaction seamlessly & save money. Click here https://i.airtel.in/flat50,Telecom,
"Dear Customer, due to a system outage we are unable to answer your calls & queries. Kindly write to us at bookings@prideofcows.com or download our APP to cancel or reschedule a delivery. Team Pride of Cows",Marketing,
à®¨à®¾à®³à¯ˆ  SHOLINGANALLUR à®ªà®•à¯à®¤à®¿à®¯à®¿à®²à¯ 9:00-17:00 à®®à®£à®¿ à®µà®°à¯ˆ à®®à®¿à®©à¯à®¤à®Ÿà¯ˆ à®à®±à¯à®ªà®Ÿà¯à®®à¯ - TANGEDCO,Real Estate,
"AMEX never asks for OTP, Card details or sensitive information. Please do not share these with anyone. To read in another language, visit https://go.amex/QwzsKh",Banking,
"Dear ,
Tanishq's Festival of Diamonds is here. Get up to 20%* off on diamond jewellery value! Explore: http://m.tneu.in/NEUTTN/plmNlPm *T&C",Shopping,
Follow Twitter handle @CyberDost of Ministry of Home Affairs to know the safety tips related to cybercrimes.,Informational,
"Beware dealing on unsolicited tips through Whatsapp,Telegram,SMS,Calls,Social Media and take informed decision https://www.bseindia.com/attention_investors.aspx",Informational,
Get Set to Save Up to 50% OFF at Inc.5! Enjoy unbeatable deals on in-house styles Limited time offer in stores! Shop now: https://inc5shop.com T&C,Shopping,
"You have Jio TRUE 5G! 
Switch to 5G now and enjoy faster speeds and a seamless experience. Enable 5G in your settings today.

Please update to the latest device software by going to Settings > General > Software Update
 
To set-up 5G on your device, go to Settings > Mobile Data > Mobile Data Options (for single SIM) OR Tap on Jio SIM (for multiple SIMs)

Select Voice & Data > Select 5G Auto.
To know more https://youtu.be/KmtQNXK8r1U
Or call JioCare at 199.",Telecom,
"Get FREE access to Sony LIV, Aha, Sun NXT & 25+ OTTs. Your everyday entertainment on Airtel Xstream Play! Tap now: https://open.airtelxstream.in/claimnow",Telecom,
"Current Data pack Expiring on 25-Jul-25 22:08 Hrs !
Pack Name : Rs100_90D_5GB_JHS
Jio Number : 9840435362
Recharge using MyJio and enjoy zero convenience charges on all recharges.
To BUY data pack - http://tiny.jio.com/databooster",Telecom,
"Your feedback is important to us.
Please spare 30 seconds to share your valuable feedback on Jio mobile service experience - www.jio.com/r/BvNCLb6kO",Telecom,
"Hi , Celebrate Varamahalakshmi with TANEIRA's Silk Sarees! Buy 2 @15%, Buy 3@ 20%. Shop now: http://m.tneu.in/NEUTTN/YDw5DqO *T&C Apply",Shopping,
"Dear Karunakar M,
We aim to serve you better through our relationship manager. It would be great to have your feedback on the same. https://rml.fm/IPRUMF/EkeWDp
ICICI Prudential Mutual Fund",Banking,
"Hi , Extra 10% off* on Washing Machines + Superrr Exchange Bonus at Croma stores on Tuesdays! Know more http://m.tneu.in/TNCRMA/YDK9ZkO T&C",Shopping,
Report SPAM to help in control of SPAM and action against spammers. With TRAI DND App it is easy and quick. App also helps in blocking or allowing promotional calls. Download TRAI DND App. Available on trai.gov.in and google play/app store.,Telecom,
"You have Jio TRUE 5G! 
Switch to 5G now and enjoy faster speeds and a seamless experience. Enable 5G in your settings today.

Please update to the latest device software by going to Settings > General > Software Update
 
To set-up 5G on your device, go to Settings > Mobile Data > Mobile Data Options (for single SIM) OR Tap on Jio SIM (for multiple SIMs)

Select Voice & Data > Select 5G Auto.
To know more https://youtu.be/KmtQNXK8r1U
Or call JioCare at 199.",Telecom,
"Get 10 packs of FREE Arokya Milk! Use code AROKYA10 & subscribe for 500ml Arokya milk. Every 3rd day is free. Valid till July 31st, 2025 on bbdaily. *T&C apply
u1.mnge.co/Rlkg2qq",Marketing,
"Dear Karunakar, Celebrate your birthday month with Skechers, here is your Birthday coupon SKBDVJQX22 worth INR. 500 redeemable only at Skechers store. *T&C Apply.",Shopping,
"Grand W Rakhi sale is live!
FLAT 50% off on offer merchandise*@ W stores till Sunday
Use Xclusive Code TCNWPRZXZR 
Fresh collection Excluded.
TnC Apply",Shopping,
Stock chat open. Friends invite you to Rs312000 reward https://urlinktoli.com/ex4i,Marketing,
Stock chat open. Friends invite you to Rs312000 reward https://urlinktoli.com/ex4i,Marketing,
Stock chat open. Friends invite you to Rs312000 reward https://urlinktoli.com/ex4i,Marketing,
On this special day Team Mirae Asset Sharekhan wishes you ,Banking,
"Get 10 packs of FREE Arokya Milk! Use code AROKYA10 & subscribe for 500ml Arokya milk. Every 3rd day is free. Valid till Aug 13th, 2025 on bbdaily. *T&C apply
u1.mnge.co/z5M2OB1",Marketing,
Worried if someone is misusing SIMs issued in your name? Please check SIMs issued in your name at Sanchar Saathi portal www.sancharsaathi.gov.in Download Sanchar Saathi App today. Android: https://play.google.com/store/apps/details?id=com.dot.app.sancharsaathi iOS: https://apps.apple.com/in/app/sanchar-saathi/id6739700695,Informational,
You have initiated the process of adding YES Bank ac in your UPI App. Report if not you. Never share card details/OTP,Banking,
"Alert! For security concerns, Due to multiple incorrect password attempts your HDFC Bank NetBanking access is locked. Not you? Call 18002586161",Banking,
"Dear Crocs Club Member,
Thank you for shopping with us!
You've earned a milestone voucher 1 - 4UAIB5 worth Rs.250 valid until 90 days.
Only one voucher can be used per transaction.
T&C",Shopping,
"Hi , Croma Independence Sale is Live! Enjoy Flat Rs 1500 off on TVs. Code CST15HDYHY. Visit Croma store now http://m.tneu.in/TNCRMA/VGzWx9B T&C",Shopping,
"Big Style. Bigger Savings! Buy 1 get 50% OFF, 2+ get 60% OFF at Inc.5 Find the best in-house looks today! Hurry! https://inc5shop.com T&C",Marketing,
"You have Jio TRUE 5G! 
Switch to 5G now and enjoy faster speeds and a seamless experience. Enable 5G in your settings today.

Please update to the latest device software by going to Settings > General > Software Update
 
To set-up 5G on your device, go to Settings > Mobile Data > Mobile Data Options (for single SIM) OR Tap on Jio SIM (for multiple SIMs)

Select Voice & Data > Select 5G Auto.
To know more https://youtu.be/KmtQNXK8r1U
Or call JioCare at 199.",Telecom,
Manage your credit card transaction limits via HSBC India Mobile Banking app. Enable/disable domestic and international use anytime. Download now https://gs.im/HSBCIM/e/qfkmonH75qU and stay in control.,Banking,
Report SPAM to help in control of SPAM and action against spammers. With TRAI DND App it is easy and quick. App also helps in blocking or allowing promotional calls. Download TRAI DND App. Available on trai.gov.in and google play/app store.,Telecom,
"Dear Customer, Our systems will be under maintenance on 11-Aug-25. All transactions on HSBC Credit Cards & ATM transactions on HSBC Debit Cards may not be available from 01:30 IST to 06:30 (Indian standard time). We regret the inconvenience and request you to plan your banking needs accordingly.",Banking,
"Oops, TV recharge paused! Continue your recharge now & enjoy watching TV. Click here now https://i.airtel.in/RecDrop1",Telecom,
"We are waiting to hear from you! Click www.jio.com/r/BCPjKzdtw to share your feedback on Jio's network and help us serve you better. Thank you, Team Jio",Telecom,
"Data pack Expired on 11-Aug-25 13:45 Hrs !
Jio Number : 9840435362
Pack Name : Rs195_90D_15GB_JioHotstar
Recharge using MyJio and enjoy zero convenience charges on all recharges.
To BUY data pack - http://tiny.jio.com/databooster",Banking,
HSBC Alert: Bonus point scam rising! Don't click on links claiming bonus point redemption. Report at cybercrime.gov.in or call 1930. Stay vigilant. Be safe.,Telecom,
Alert 50%: data is consumed. Get 2GB at Rs33 till Midnight. Recharge now i.airtel.in/dtpck,Telecom,
"Namaste, Join Har Ghar Tiranga 2025. Celebrate Independence Day with your Tiranga. Get your E-card: https://wa.me/919355413636/ and type HI to start. Team MyGov",Informational,
"Dear Cardmember, there have been some changes made to the Most Important Terms and Conditions (MITC) applicable to your American Express Card. These changes are effective immediately. Please click on amex.in/mitc",Banking,
"You have Jio TRUE 5G! 
Switch to 5G now and enjoy faster speeds and a seamless experience. Enable 5G in your settings today.

Please update to the latest device software by going to Settings > General > Software Update
 
To set-up 5G on your device, go to Settings > Mobile Data > Mobile Data Options (for single SIM) OR Tap on Jio SIM (for multiple SIMs)

Select Voice & Data > Select 5G Auto.
To know more https://youtu.be/KmtQNXK8r1U
Or call JioCare at 199.",Telecom,
We are back online! Your Airtel Wi-Fi is up and running again as the services have been fully restored. Thank you for your patience.,Telecom,
Service Update: Services for your Airtel Wi-Fi have been restored. You can now experience seamless services. We are sorry for the inconvenience caused to you and thank you for your patience.,Telecom,
"THE ADDRESS, SEASON-3, THANE
By GAUTAM SINGHANIA
3,4,5,6BHK, Duplex & Penthouses from 2.68Cr
Private Decks & Hills Views
Info:
wa.link/raymond-realty",Real Estate,
"Fraudsters are getting creative! Stay ahead of latest cyber threats carried out via SMS, phone calls, emails or QR codes. Read more on the Amex website: https://go.amex/cyberthreats",Informational,
"Dear User,
Sharing the project details as per your request: Pre Launch Nikoo Homes, Before B'Lore Airport Toll 3/4Bhk,1.9Cr wa.link/flwnv5 - One Stop Solutions.",Real Estate,
"Dear Client, Your StanChart Credit Card ending 5970 provides you with complimentary purchase protection, coverage against overseas medical expenses & air accident insurance benefit. Click to update nominee details: https://nc6.in/SCBANK/h2BD2U - StanChart",Banking,
"Hi , Celebrate Gowri Ganesh with Silks as pure as your Traditions from TANEIRA & get upto 40% Off. Shop now http://m.tneu.in/NEUTTN/LK6X91W",Shopping,
Alert 90%: data is consumed. Get 2GB at Rs33 till Midnight. Recharge now i.airtel.in/dtpck,Telecom,
We are back online! Your Airtel Wi-Fi is up and running again as the services have been fully restored. Thank you for your patience.,Telecom,
"Bhima Chennai celebrates its 4th Anniversary from 29th to 31st Aug 2025, Get flat Rs.2,000 off on every 4 grams of gold, and on diamonds, get flat Rs.12,000 off on Rs 80,000 worth of diamonds in your jewellery. On silver, get flat Rs.5,000 off per kg. Also, win exciting gifts every hour via a lucky draw. For more details call us on 18001219076 or click https://vm.ltd/BHIMAJ/AUyy4V to know more T&C apply.",Shopping,
"Dear Client, Please note that the Visa Global Customer Assistance Service (GCAS) will be discontinued from 01-SEP-2025. Visit www.sc.com/in/contact-us/ for any help. Thank you. - StanChart",Banking,
"Dear Client, Please note that the Visa Global Customer Assistance Service (GCAS) will be discontinued from 01-SEP-2025. Visit www.sc.com/in/contact-us/ for any help. Thank you. - StanChart",Banking,
Alert 50%: data is consumed. Get 2GB at Rs33 till Midnight. Recharge now i.airtel.in/dtpck,Telecom,
"Your 5G phone is ready for superfast speeds, but you're missing out on enjoying it with unlimited 5G data! Recharge with Rs. 151 to unlock unlimited 5G data till your current pack validity and enjoy the best of your phone's capabilities. Why settle for less? https://i.airtel.in/5g151",Telecom,
Wondering how many SIMs have been issued in your name? Use Sanchar Saathi to know and report unauthorized connections. Download Sanchar Saathi App today. Android: https://play.google.com/store/apps/details?id=com.dot.app.sancharsaathi iOS: https://apps.apple.com/in/app/sanchar-saathi/id6739700695,Informational,
Alert 50%: data is consumed. Get 2GB at Rs33 till Midnight. Recharge now i.airtel.in/dtpck,Telecom,
"Dear ,
Discover over 10,000+ diamond jewellery styles at Tanishq - starting from just Rs 15,000. From modern classic to sparkling statement pieces, our collection is designed to match your every mood and moment. 
Explore: http://m.tneu.in/NEUTTN/rPWKzGw",Shopping,
Never respond to emails/embedded links in messages/calls asking you to update or verify KYC documents/User ID/Password/Debit Card Number/PIN/CVV/OTP etc. Immediately change your passwords/CVV/PIN if you have accidentally revealed your credentials.,Informational,
"Current Data pack Expiring on 07-Sep-25 20:49 Hrs !
Pack Name : 5G Pack
Jio Number : 9840435362
Recharge using MyJio and enjoy zero convenience charges on all recharges.
To BUY data pack - http://tiny.jio.com/databooster",Telecom,
"KING SIZE LIVING AT R.T. NAGAR. 3BHK 2600 SQFT, 3.5 CR. G+13, INFINITY POOL, GYM &  CLUB. VIEW LAUNCH & PUJA OFFERS: https://form.wa.link/Magnolia",Real Estate,
"Get Free Comprehensive Eye Check-Up @Nethradhama Super Speciality Eye Hospital, Indiranagar till 30 Sept'25, Call +918071722234, bit.ly/477KXNS T&C Apply",Marketing,
"You have Jio TRUE 5G! 
Switch to 5G now and enjoy faster speeds and a seamless experience. Enable 5G in your settings today.

Please update to the latest device software by going to Settings > General > Software Update
 
To set-up 5G on your device, go to Settings > Mobile Data > Mobile Data Options (for single SIM) OR Tap on Jio SIM (for multiple SIMs)

Select Voice & Data > Select 5G Auto.
To know more https://youtu.be/KmtQNXK8r1U
Or call JioCare at 199.",Telecom,
Enjoy Unlimited Data valid for same day till midnight.,Telecom,
CONGRATULATIONS! You've unlocked flat Rs. 50 cashback on your airtel UPI transaction via Airtel Thanks app. Complete your transaction seamlessly & save money. Click here https://i.airtel.in/flat50,Telecom,
"Wondering how many SIMs have been issued in your name? Use Sanchar Saathi to know and report unauthorized connections.
Download Sanchar Saathi App today. 
Android: https://bit.ly/3ZR4H3P
iOS: https://apple.co/4554aik",Informational,
You have a membership update from JioMart Quick. Click here: https://relianceretail.com/JioMart/?jm50=B61FFE2A-18ED-405B-8151-E98DBEDE9D7F,Marketing,
"Hare Krishna, On this MAHALAYA AMAVASYA Share Few Meals with Needy&Poor Bring All Good Fortune https://harekrishnavidya.org/s1 Support ANNA-DAAN Get-80G",Marketing,
"You have Jio TRUE 5G! 
Switch to 5G now and enjoy faster speeds and a seamless experience. Enable 5G in your settings today.

Please update to the latest device software by going to Settings > General > Software Update
 
To set-up 5G on your device, go to Settings > Mobile Data > Mobile Data Options (for single SIM) OR Tap on Jio SIM (for multiple SIMs)

Select Voice & Data > Select 5G Auto.
To know more https://youtu.be/KmtQNXK8r1U
Or call JioCare at 199.",Telecom,
Alert 90%: data is consumed. Get 2GB at Rs33 till Midnight. Recharge now i.airtel.in/dtpck,Telecom,
Alert 100%: for your daily high speed data limit. Get 2GB at Rs33 till Midnight. Recharge now i.airtel.in/dtpck,Telecom,
Enjoy 12GB Data for 30 days. Also get Airtel Xstream Play Premium for 30 days and JioHotstar Subscription for 1 Month.,Telecom,
"Asia Cup 2025 is here! Watch it LIVE on SonyLIV with Airtel Xstream Play Premium, at no extra cost. https://open.airtelxstream.in/2AC25",Marketing,
CONGRATULATIONS! You've unlocked flat Rs. 50 cashback on your airtel UPI transaction via Airtel Thanks app. Complete your transaction seamlessly & save money. Click here https://i.airtel.in/flat50,Telecom,
"You have Jio TRUE 5G! 
Switch to 5G now and enjoy faster speeds and a seamless experience. Enable 5G in your settings today.

Please update to the latest device software by going to Settings > General > Software Update
 
To set-up 5G on your device, go to Settings > Mobile Data > Mobile Data Options (for single SIM) OR Tap on Jio SIM (for multiple SIMs)

Select Voice & Data > Select 5G Auto.
To know more https://youtu.be/KmtQNXK8r1U
Or call JioCare at 199.",Telecom,
"Congratulations! With your recharge of Rs.195.0, you can now enjoy FREE access to 20  OTTs such as Sony LIV, Lionsgate Play, Eros Now, hoichoi, ManoramaMAX, and many more on Airtel Xstream Play. Watch smashing hits like Asia Cup 2025, Toby, Shivamma on your mobile, tablet or TV. Watch Now https://open.airtelxstream.in/Watch-Xstream",Telecom,
"Hi, your JioHotstar Mobile subscription is now active for 1 month. To watch the latest movies & shows, click hotstar.onelink.me/rL9Z/HSLP",Marketing,
India vs Bangladesh: Asia Cup Super 4! LIVE at 7 PM today on Sony LIV with Airtel Xstream Play. Watch at no extra cost: https://open.airtelxstream.in/ACCPre,Marketing,
"Open your account safely! Use valid ID, don't sign blank forms, share only your own contact info. Stay alert, stay safe. - StanChart",Banking,
You have a membership update from JioMart Quick! Click here: https://relianceretail.com/JMCouponV5/?jm25=A8A01215-4EC2-4369-8DAD-513E52B5B1F4,Marketing,
"GST cut prices cut, shop more, pay less! We're passing the GST reduction benefit to you. Celebrate the season with Inc.5. Visit nearest Inc.5 store inc5shop.com",Shopping,
India vs Sri Lanka: Asia Cup Super 4! LIVE at 7 PM today on Sony LIV via Airtel Xstream Play. Watch at no extra cost: https://open.airtelxstream.in/ACCPre,Marketing,
You have a membership update from JioMart Quick! Click here: https://relianceretail.com/JMCouponV3/?jm25=3AC332D9-760B-417D-A577-E89B8C1FD41F,Marketing,
Alert 50%: data is consumed. Get 2GB at Rs33 till Midnight. Recharge now i.airtel.in/dtpck,Telecom,
India in the Asia Cup Finals! Watch LIVE at 7 PM on Sony LIV with Xstream Play- included in your Airtel pack. Watch here: https://open.airtelxstream.in/ACCPre,Marketing,
Alert 50%: data is consumed. Get 2GB at Rs33 till Midnight. Recharge now i.airtel.in/dtpck,Telecom,
Alert 90%: data is consumed. Get 2GB at Rs33 till Midnight. Recharge now i.airtel.in/dtpck,Telecom,
Alert 100%: for your daily high speed data limit. Get 2GB at Rs33 till Midnight. Recharge now i.airtel.in/dtpck,Telecom,
Alert 100%: for your daily high speed data limit. Get 2GB at Rs33 till Midnight. Recharge now i.airtel.in/dtpck,Telecom,
"Frauds during festivities are on the rise! Stay alert for fake offers, phishing links and fraudulent calls. Read more on how you can protect yourself with Amex: https://go.amex/online-safety",Informational,
"You have Jio TRUE 5G! 
Switch to 5G now and enjoy faster speeds and a seamless experience. Enable 5G in your settings today.

Please update to the latest device software by going to Settings > General > Software Update
 
To set-up 5G on your device, go to Settings > Mobile Data > Mobile Data Options (for single SIM) OR Tap on Jio SIM (for multiple SIMs)

Select Voice & Data > Select 5G Auto.
To know more https://youtu.be/KmtQNXK8r1U
Or call JioCare at 199.",Telecom,
"Hi Bata Member, Redeem your 150 Bonus points in-store or rebrand.ly/taska37 on minimum shopping of Rs 1000 .Valid till 07 Oct T&C",Shopping,
"Dear Bengalurean,
Govt of Karnataka and Karnataka State Commission for Backward Classes are conducting a door to door Socio-Educational Survey of every family.
An enumerator will come to your home on or after 3.10.25.
Pls see the questions they would ask @ https://kscbc.karnataka.gov.in/uploads/media_to_upload1759342700.pdf
You can also fill the survey online on your own https://kscbcselfdeclaration.karnataka.gov.in/
Guide to fill the survey online https://kscbc.karnataka.gov.in/uploads/media_to_upload1759342741.pdf
Chief Commissioner GBA",Informational,
"Hi KARUNAKAR, Welcome to Shoppers Stop's First Citizen Club! Click to download your card to Google Wallet.
Applicable on Android phones: 1kx.in/SSFRST/A8prOJwkhLo",Telecom,
Alert 50%: data is consumed. Get 2GB at Rs33 till Midnight. Recharge now i.airtel.in/dtpck,Telecom,
Alert 90%: data is consumed. Get 2GB at Rs33 till Midnight. Recharge now i.airtel.in/dtpck,Telecom,
Alert 90%: data is consumed. Get 2GB at Rs33 till Midnight. Recharge now i.airtel.in/dtpck,Telecom,
Alert 100%: for your daily high speed data limit. Get 2GB at Rs33 till Midnight. Recharge now i.airtel.in/dtpck,Telecom,
"Update from CRED:

Rs.100 cashback received on your recent transaction.
Click the link https://link.cred.club/CREDIN/link/xhN45q0z to use it before it expires.",Marketing,
Critical Low Wallet Balance Alert! Your bbdaily order/s for tomorrow may not be delivered due to low wallet balance. Recharge now at u1.mnge.co/gDgBwXD,Marketing,
"Hi Bata Member, Redeem your 100 Bonus points in-store or rebrand.ly/5ws4dnl on minimum shopping of Rs 1000 .Valid till 14 Oct T&C",Shopping,
"Dear Customer, Our systems will be under maintenance on 13-Oct-25. All transactions on HSBC Credit Cards & ATM transactions on HSBC Debit Cards may not be available from 01:30 IST to 06:30 (Indian standard time). We regret the inconvenience and request you to plan your banking needs accordingly.",Banking,
"Dear Customer, 
Cheque Clearing is currently delayed due to technical issue. We regret the inconvenience caused and appreciate your patience. -YES BANK LTD",Banking,
"Important information - TRAI does not provide any NOC for installing mobile towers. If a fraudster brings a fake letter to you, inform the concerned service provider and the local police.",Banking,
"Airtel recharge benefit - FREE 25+ OTTs! Get access to Sony LIV, Aha, LIVE TV & more with your Airtel number. Get now: https://open.airtelxstream.in/ClaimNow",Telecom,
IndiaPost: Delivery of your parcel was unsuccessful due to incorrect address. Please update your details: http://inaolivpnzl.shop,Spam,
"AMEX never asks for OTP, Card details or sensitive information. Please do not share these with anyone. To read in another language, visit https://go.amex/QwzsKh",Banking,
"Dear HSBC customer, due to technical issues there is currently a delay in cheque clearance. We recommend using digital payment options like UPI, RTGS, NEFT, Internet Banking or HSBC India Mobile Banking App. We regret the inconvenience and encourage you to plan your banking needs accordingly.",Banking,
"One app for 20 OTTs. Watch Cricket, movies, shows & more on Airtel Xstream Play for FREE. Claim your Airtel plan benefit: https://open.airtelxstream.in/ClaimNow",Marketing,
Login Alert! Thank you for using HDFC Bank online banking. Not you? Call 18002586161,Banking,
Alert 50%: data is consumed. Get 2GB at Rs33 till Midnight. Recharge now i.airtel.in/dtpck,Telecom,
Check mobile connections issued in your name and report connections which are not required. Download Sanchar Saathi App today. Android: https://play.google.com/store/apps/details?id=com.dot.app.sancharsaathi iOS: https://apps.apple.com/in/app/sanchar-saathi/id6739700695,Informational,
"Postal: Due to an incorrect address, your item cannot be delivered correctly. Please update your current address: http://insoliopncl.shop",Spam,
"Postal: Due to an incorrect address, your item cannot be delivered correctly. Please update your current address: http://insoliopncl.shop",Spam,
Alert 90%: data is consumed. Get 2GB at Rs33 till Midnight. Recharge now i.airtel.in/dtpck,Telecom,
HSBC Alert: Beware of fake websites resembling trusted brands. Verify URLs before sharing personal data. Report at cybercrime.gov.in or call 1930. Stay safe!,Banking,
"Important: FREE Airtel recharge benefit is pending! 25+ OTTs, news, sports, 50K+ movies & more in 1 app. Activate now: https://open.airtelxstream.in/ClaimNow",Marketing,
Alert 50%: data is consumed. Get 2GB at Rs33 till Midnight. Recharge now i.airtel.in/dtpck,Telecom,
"Dear Valuable Member,

On the auspicious occasion of Dhanteras,
Tanishq Vijayawada is delighted to present exclusive offers:

* Up to Rs450 off per gram* on Gold Jewellery
* Up to 20% off* on Diamond Value
* Flat 0% deduction on exchange of old gold (any karat, any jeweller)

T&C apply
For more details, contact us at +91-9948212618,0866-6665002",Shopping,
"Great News!! 
Your device and location are 5G ready. 
People around you are using and loving the 5G experience. 
We want you also to experience India's only TRUE 5G network, call JioCare at 199 or click www.jio.com/r/SKGrjAQcq",Telecom,
Alert 50%: data is consumed. Get 2GB at Rs33 till Midnight. Recharge now i.airtel.in/dtpck,Telecom,
"One app for 20 OTTs. Watch Cricket, movies, shows & more on Airtel Xstream Play for FREE. Claim your Airtel plan benefit: https://open.airtelxstream.in/ClaimNow",Marketing,
"Thank you for raising a request with Manipal Hospital. As discussed with you, you were provided an option to walk-in to the clinic as they could not commit a fixed appointment time.
Need help with your appointment? Visit https://prac.to/IPRCTO/ml?t=0hLdyXMo .
This link is confidential. Please do not share it with anyone.
- Practo",Marketing,
CONGRATULATIONS! You've unlocked flat Rs. 50 cashback on your airtel UPI transaction via Airtel Thanks app. Complete your transaction seamlessly & save money. Click here https://i.airtel.in/flat50,Marketing,
"Airtel recharge benefit - FREE 25+ OTTs! Get access to Sony LIV, Aha, LIVE TV & more with your Airtel number. Get now: https://open.airtelxstream.in/ClaimNow",Marketing,
"Discover your story at Helios. Versace, Swarovski, Guess & Cavalli - timeless watches, iconic design, crafted for gifting. https://m.tneu.in/THLIOS/m7yzwG9",Shopping,
Alert 50%: data is consumed. Get 2GB at Rs33 till Midnight. Recharge now i.airtel.in/dtpck,Telecom,
"Important: FREE Airtel recharge benefit is pending! 25+ OTTs, news, sports, 50K+ movies & more in 1 app. Activate now: https://open.airtelxstream.in/ClaimNow",Marketing,
"""The Department of Telecommunications invites you to observe Vigilance Awareness Week 2025 from 27.10.2025 to 02.11.2025 under the theme 'à¤¸à¤¤à¤°à¥à¤•à¤¤à¤¾à¤ƒ à¤¹à¤®à¤¾à¤°à¥€ à¤¸à¤¾à¤à¤¾ à¤œà¤¿à¤®à¥à¤®à¥‡à¤¦à¤¾à¤°à¥€' / 'Vigilance: Our Shared Responsibility'. You are requested to take the e-pledge by visiting www.cvc.gov.in and reaffirm your commitment to integrity and transparency"".",Informational,
"Great News!! 
Your device and location are 5G ready. 
People around you are using and loving the 5G experience. 
We want you also to experience India's only TRUE 5G network, call JioCare at 199 or click www.jio.com/r/SN9inkyNB",Telecom,
"IF ANY STATE GOVT.  EMPLOYEE DEMANDS BRIBE,  CONTACT ACB MUMBAI ON TOLL FREE NO.1064, E-Mail-addlcpacbmumbai@mahapolice.gov.in-BY ACB MUMBAI",Informational,
Alert 50%: data is consumed. Get 2GB at Rs33 till Midnight. Recharge now i.airtel.in/dtpck,Telecom,
If Any Public Servant Demand Bribe Call ACB Thane Toll Free No.1064 or Whatsapp No.9769691064 Telephone No. 022/20813599,Informational,
"Enjoy 6GB Data for 30 days.Get 28 days of entertainment with Airtel Xstream Play Premium, click open.airtelxstream.in/SonyLIV",Marketing,
"Reminder: You are eligible to claim 20+ OTT subscriptions with your Airtel plan, including SonyLIV, SunNxt, Aha & Hoichoi. Watch now: open.airtelxstream.in/25plus_OTTs",Marketing,
"Congratulations! With your recharge of Rs.100.0, you can now enjoy FREE access to 20  OTTs such as Sony LIV, Lionsgate Play, Eros Now, hoichoi, ManoramaMAX, and many more on Airtel Xstream Play. Watch smashing hits like 13th, Toby, Shivamma on your mobile, tablet or TV. Watch Now https://open.airtelxstream.in/Watch-Xstream",Marketing,
Vigilance Awareness Week is here! Kindly take an e-pledge and align with our nation's vision. Click here: ct3.io/Fxcawl -HDFC SEC,Informational,
"Vigilance Awareness Week is observed from Oct 27 to Nov 2, 2025. Please take the Pledge at https://pledge.mygov.in/cvc/ -On behalf of MFs serviced by KFintech.",Informational,
"CSK, CERT-In advises you to keep your digital devices free from botnet and malware infections. Download free bot removal tool from the website https://www.csk.gov.in/",Informational,
"One app for 20 OTTs. Watch Cricket, movies, shows & more on Airtel Xstream Play for FREE. Claim your Airtel plan benefit: https://open.airtelxstream.in/ClaimNow",Marketing,
"Dear Client, When dealing with banking products, always read the Most Important Terms and Conditions and Key Fact Statements. They help  you know your rights, and make informed choices - StanChart",Banking,